Workbook

Sheet Readme
B1: SIM data validation - working demo
B3: What to try
B4: Go to the 'query' sheet and edit PhoneNr, ICC_ID, StartDate, Status, SIM Type or IMEI. Valid entries turn green, broken ones red, and the matching check column tells you exactly what is wrong. RowErrors (column AB) collects every problem in the row on one line.
B5: The 33 sample rows exercise every rule. The grey notes to the right of the table say what each row is testing - delete that column and the sample rows before you use this for real.
B7: Colour code - the same three colours everywhere
B8: Green = OK
B9: Red = the value is wrong and someone has to fix it
B10: Amber = WARNING. Probably wrong, but not certainly - see below.
B11: Every warning message starts with the literal text 'WARNING:', and that prefix is what the amber conditional-formatting rule tests. If you add your own warnings later, keep the prefix and they will colour themselves.
B13: PhoneNr -> IsPhoneValid (col T), via PhoneClean (col V)
B14: Strips + space nbsp - ( ) . and converts a leading 00 to bare digits.
B15: Digits only, then length 8-15, then must start with the SIM_Country dial code.
... B62: No uniqueness check on ICC_ID, IMEI, PhoneNr or ID. Say the word - it is a COUNTIF away.

Sheet Config
A1: Name | B1: Alpha2 | C1: Alpha3 | D1: Num | E1: DialCode | G1: Status (allowed) | H1: SIM Type (allowed)
A2: Australia | B2: AU | C2: AUS | D2: 36 | E2: 61 | G2: Active | H2: eSIM
A3: Austria | B3: AT | C3: AUT | D3: 40 | E3: 43 | G3: Deactivated | H3: Physical SIM
A4: Belgium | B4: BE | C4: BEL | D4: 56 | E4: 32 | G4: Suspended
A5: Brazil | B5: BR | C5: BRA | D5: 76 | E5: 55
A6: Bulgaria | B6: BG | C6: BGR | D6: 100 | E6: 359 | G6: These two lists are referenced by the dropdowns and the check formulas
A7: Canada | B7: CA | C7: CAN | D7: 124 | E7: 1 | G7: on the query sheet. Edit the values here, not on the query sheet.
A8: China | B8: CN | C8: CHN | D8: 156 | E8: 86
A9: Croatia | B9: HR | C9: HRV | D9: 191 | E9: 385
A10: Cyprus | B10: CY | C10: CYP | D10: 196 | E10: 357
A11: Czechia | B11: CZ | C11: CZE | D11: 203 | E11: 420
A12: Denmark | B12: DK | C12: DNK | D12: 208 | E12: 45
A13: Estonia | B13: EE | C13: EST | D13: 233 | E13: 372
A14: Finland | B14: FI | C14: FIN | D14: 246 | E14: 358
A15: France | B15: FR | C15: FRA | D15: 250 | E15: 33
A16: Germany | B16: DE | C16: DEU | D16: 276 | E16: 49
A17: Greece | B17: GR | C17: GRC | D17: 300 | E17: 30
A18: Hong Kong | B18: HK | C18: HKG | D18: 344 | E18: 852
A19: Hungary | B19: HU | C19: HUN | D19: 348 | E19: 36
... A51: United States | B51: US | C51: USA | D51: 840 | E51: 1

Sheet query
A1: FirstName | B1: LastName | C1: PhoneNr | D1: Plan | E1: ICC_ID | F1: GD_ID | G1: StartDate | H1: SIM_Country | I1: Provider | J1: CostCenter | K1: UBR_Code | L1: Legal entity | M1: IsVR | N1: BAN | O1: SOC | P1: Status | Q1: SIM Type | R1: Email | S1: ID | T1: IsPhoneValid | U1: IMEI | V1: PhoneClean | W1: ICC_Check | X1: IMEI_Check | Y1: Date_Check | Z1: Status_Check | AA1: SIMType_Check | AB1: RowErrors | AD1: Test case (not part of the table - delete when you are done)
A2: Ana | B2: Popescu | C2: +40712345678 | E2: 8935201234567890125 | G2: 15-03-2026 | H2: Romania | P2: Active | Q2: eSIM | T2: =IF($C2="","",IF($V2="","No digits at all - enter a phone number",IF(NOT(SUMPRODUCT(--ISNUMBER(--MID($V2,ROW(INDIRECT("1:"&LEN($V2))),1)))=LEN($V2)),"Digits only - no letters or symbols (+ ( ) - . and spaces are tolerated)",IF(LEN($V2)<8,"Too short - "&LEN($V2)&" digits (min 8)",IF(LEN($V2)>15,"Too long - "&LEN($V2)&" digits (max 15)",IF($H2="","WARNING: SIM_Country is empty - cannot check the country code",IF(ISNA(MATCH($H2,tblCountries[Name],0)),"WARNING: SIM_Country """&$H2&""" is not in tblCountries",IF(LEFT($V2,LEN(TEXT(INDEX(tblCountries[DialCode],MATCH($H2,tblCountries[Name],0)),"0")))<>TEXT(INDEX(tblCountries[DialCode],MATCH($H2,tblCountries[Name],0)),"0"),"Wrong country code - must start with +"&TEXT(INDEX(tblCountries[DialCode],MATCH($H2,tblCountries[Name],0)),"0")&" for "&$H2,"OK")))))))) -> OK | U2: 352099001760897 | V2: =IF($C2="","",IF(LEFT(SUBSTITUTE(SUBSTITUTE(SUBSTITUTE(SUBSTITUTE(SUBSTITUTE(SUBSTITUTE(SUBSTITUTE(TRIM($C2&""),"+","")," ",""),"-",""),"(",""),")",""),".",""),CHAR(160),""),2)="00",MID(SUBSTITUTE(SUBSTITUTE(SUBSTITUTE(SUBSTITUTE(SUBSTITUTE(SUBSTITUTE(SUBSTITUTE(TRIM($C2&""),"+","")," ",""),"-",""),"(",""),")",""),".",""),CHAR(160),""),3,255),SUBSTITUTE(SUBSTITUTE(SUBSTITUTE(SUBSTITUTE(SUBSTITUTE(SUBSTITUTE(SUBSTITUTE(TRIM($C2&""),"+","")," ",""),"-",""),"(",""),")",""),".",""),CHAR(160),""))) -> 40712345678 | W2: =IF($E2="","",IF(ISNUMBER($E2),"Stored as a NUMBER - every digit past the 15th is already lost. Format the column as Text and re-enter.",IF(NOT(SUMPRODUCT(--ISNUMBER(--MID(TRIM($E2&""),ROW(INDIRECT("1:"&LEN(TRIM($E2&"")))),1)))=LEN(TRIM($E2&""))),"Digits only - no +, -, spaces or any other character",IF(LEFT(TRIM($E2&""),2)<>"89","Must start with 89 (ITU-T E.118 telecom prefix)",IF(LEN(TRIM($E2&""))<18,"Too short - "&LEN(TRIM($E2&""))&" digits (min 18)",IF(LEN(TRIM($E2&""))>22,"Too long - "&LEN(TRIM($E2&""))&" digits (max 22)",IF(NOT(MOD(SUMPRODUCT(MID(TRIM($E2&""),ROW(INDIRECT("1:"&LEN(TRIM($E2&"")))),1)*1*(1+MOD(LEN(TRIM($E2&""))-ROW(INDIRECT("1:"&LEN(TRIM($E2&"")))),2))-MOD(LEN(TRIM($E2&""))-ROW(INDIRECT("1:"&LEN(TRIM($E2&"")))),2)*9*(MID(TRIM($E2&""),ROW(INDIRECT("1:"&LEN(TRIM($E2&"")))),1)*1*2>9)),10)=0),"WARNING: Luhn check digit does not match - likely a typo or a transposition","OK"))))))) -> OK | X2: =IF($U2="","",IF(NOT(SUMPRODUCT(--ISNUMBER(--MID(TRIM($U2&""),ROW(INDIRECT("1:"&LEN(TRIM($U2&"")))),1)))=LEN(TRIM($U2&""))),"Digits only - no +, -, spaces or any other character",IF(LEN(TRIM($U2&""))<>15,"Must be exactly 15 digits - this one has "&LEN(TRIM($U2&"")),IF(NOT(MOD(SUMPRODUCT(MID(TRIM($U2&""),ROW(INDIRECT("1:"&LEN(TRIM($U2&"")))),1)*1*(1+MOD(LEN(TRIM($U2&""))-ROW(INDIRECT("1:"&LEN(TRIM($U2&"")))),2))-MOD(LEN(TRIM($U2&""))-ROW(INDIRECT("1:"&LEN(TRIM($U2&"")))),2)*9*(MID(TRIM($U2&""),ROW(INDIRECT("1:"&LEN(TRIM($U2&"")))),1)*1*2>9)),10)=0),"WARNING: Luhn check digit does not match - likely a typo or a transposition","OK")))) -> OK | Y2: =IF($G2="","",IF(ISNUMBER($G2),IF(OR($G2<DATE(2000,1,1),$G2>TODAY()+730),"WARNING: real date, but outside 2000-01-01 .. today+2y - check the day/month order","OK"),IF(LEN(TRIM($G2&""))<>10,"Must be dd-mm-yyyy - 10 characters, this one has "&LEN(TRIM($G2&"")),IF(AND(NOT(ISERROR(FIND(MID(TRIM($G2&""),5,1),"-/."))),NOT(ISERROR(FIND(MID(TRIM($G2&""),8,1),"-/."))),SUMPRODUCT(--ISNUMBER(--MID(LEFT(TRIM($G2&""),4),ROW(INDIRECT("1:"&LEN(LEFT(TRIM($G2&""),4)))),1)))=LEN(LEFT(TRIM($G2&""),4))),"Looks like yyyy-mm-dd - StartDate must put the DAY first: dd-mm-yyyy",IF(OR(MID(TRIM($G2&""),3,1)<>MID(TRIM($G2&""),6,1),ISERROR(FIND(MID(TRIM($G2&""),3,1),"-/."))),"Separators must be in positions 3 and 6, matching, and be - or / or .",IF(NOT(AND(SUMPRODUCT(--ISNUMBER(--MID(LEFT(TRIM($G2&""),2),ROW(INDIRECT("1:"&LEN(LEFT(TRIM($G2&""),2)))),1)))=LEN(LEFT(TRIM($G2&""),2)),SUMPRODUCT(--ISNUMBER(--MID(MID(TRIM($G2&""),4,2),ROW(INDIRECT("1:"&LEN(MID(TRIM($G2&""),4,2)))),1)))=LEN(MID(TRIM($G2&""),4,2)),SUMPRODUCT(--ISNUMBER(--MID(RIGHT(TRIM($G2&""),4),ROW(INDIRECT("1:"&LEN(RIGHT(TRIM($G2&""),4)))),1)))=LEN(RIGHT(TRIM($G2&""),4)))),"Day, month and year must all be digits",IF(OR(LEFT(TRIM($G2&""),2)*1<1,LEFT(TRIM($G2&""),2)*1>31),"Day out of range - dd-mm-yyyy puts the DAY first",IF(OR(MID(TRIM($G2&""),4,2)*1<1,MID(TRIM($G2&""),4,2)*1>12),"Month out of range - dd-mm-yyyy puts the MONTH second",IF(OR(RIGHT(TRIM($G2&""),4)*1<2000,RIGHT(TRIM($G2&""),4)*1>2100),"Year out of range (2000-2100)",IF(DAY(DATE(RIGHT(TRIM($G2&""),4)*1,MID(TRIM($G2&""),4,2)*1,LEFT(TRIM($G2&""),2)*1))<>LEFT(TRIM($G2&""),2)*1,"Not a real calendar date (e.g. 31-02 or 30-02)","OK")))))))))) -> OK | Z2: =IF($P2="","",IF(SUMPRODUCT(--EXACT($P2,Config!$G$2:$G$4))>0,"OK",IF(NOT(ISNA(MATCH($P2,Config!$G$2:$G$4,0))),"WARNING: wrong capitalisation - should be """&INDEX(Config!$G$2:$G$4,MATCH($P2,Config!$G$2:$G$4,0))&""" exactly","Must be one of: Active, Deactivated, Suspended"))) -> OK | AA2: =IF($Q2="","",IF(SUMPRODUCT(--EXACT($Q2,Config!$H$2:$H$3))>0,"OK",IF(NOT(ISNA(MATCH($Q2,Config!$H$2:$H$3,0))),"WARNING: wrong capitalisation - should be """&INDEX(Config!$H$2:$H$3,MATCH($Q2,Config!$H$2:$H$3,0))&""" exactly","Must be one of: eSIM, Physical SIM"))) -> OK | AB2: =IF(IF(OR($T2="",$T2="OK"),"","PhoneNr: "&$T2&" // ")&IF(OR($W2="",$W2="OK"),"","ICC_ID: "&$W2&" // ")&IF(OR($Y2="",$Y2="OK"),"","StartDate: "&$Y2&" // ")&IF(OR($Z2="",$Z2="OK"),"","Status: "&$Z2&" // ")&IF(OR($AA2="",$AA2="OK"),"","SIM Type: "&$AA2&" // ")&IF(OR($X2="",$X2="OK"),"","IMEI: "&$X2&" // ")="","OK",LEFT(IF(OR($T2="",$T2="OK"),"","PhoneNr: "&$T2&" // ")&IF(OR($W2="",$W2="OK"),"","ICC_ID: "&$W2&" // ")&IF(OR($Y2="",$Y2="OK"),"","StartDate: "&$Y2&" // ")&IF(OR($Z2="",$Z2="OK"),"","Status: "&$Z2&" // ")&IF(OR($AA2="",$AA2="OK"),"","SIM Type: "&$AA2&" // ")&IF(OR($X2="",$X2="OK"),"","IMEI: "&$X2&" // "),LEN(IF(OR($T2="",$T2="OK"),"","PhoneNr: "&$T2&" // ")&IF(OR($W2="",$W2="OK"),"","ICC_ID: "&$W2&" // ")&IF(OR($Y2="",$Y2="OK"),"","StartDate: "&$Y2&" // ")&IF(OR($Z2="",$Z2="OK"),"","Status: "&$Z2&" // ")&IF(OR($AA2="",$AA2="OK"),"","SIM Type: "&$AA2&" // ")&IF(OR($X2="",$X2="OK"),"","IMEI: "&$X2&" // "))-6)) -> OK | AD2: PhoneNr: valid, + prefix
A3: Mihai | B3: Ionescu | C3: 40712345678 | E3: 893520123456789014 | G3: 01-01-2026 | H3: Romania | P3: Deactivated | Q3: Physical SIM | T3: =IF($C3="","",IF($V3="","No digits at all - enter a phone number",IF(NOT(SUMPRODUCT(--ISNUMBER(--MID($V3,ROW(INDIRECT("1:"&LEN($V3))),1)))=LEN($V3)),"Digits only - no letters or symbols (+ ( ) - . and spaces are tolerated)",IF(LEN($V3)<8,"Too short - "&LEN($V3)&" digits (min 8)",IF(LEN($V3)>15,"Too long - "&LEN($V3)&" digits (max 15)",IF($H3="","WARNING: SIM_Country is empty - cannot check the country code",IF(ISNA(MATCH($H3,tblCountries[Name],0)),"WARNING: SIM_Country """&$H3&""" is not in tblCountries",IF(LEFT($V3,LEN(TEXT(INDEX(tblCountries[DialCode],MATCH($H3,tblCountries[Name],0)),"0")))<>TEXT(INDEX(tblCountries[DialCode],MATCH($H3,tblCountries[Name],0)),"0"),"Wrong country code - must start with +"&TEXT(INDEX(tblCountries[DialCode],MATCH($H3,tblCountries[Name],0)),"0")&" for "&$H3,"OK")))))))) -> OK | U3: 861234567890127 | V3: =IF($C3="","",IF(LEFT(SUBSTITUTE(SUBSTITUTE(SUBSTITUTE(SUBSTITUTE(SUBSTITUTE(SUBSTITUTE(SUBSTITUTE(TRIM($C3&""),"+","")," ",""),"-",""),"(",""),")",""),".",""),CHAR(160),""),2)="00",MID(SUBSTITUTE(SUBSTITUTE(SUBSTITUTE(SUBSTITUTE(SUBSTITUTE(SUBSTITUTE(SUBSTITUTE(TRIM($C3&""),"+","")," ",""),"-",""),"(",""),")",""),".",""),CHAR(160),""),3,255),SUBSTITUTE(SUBSTITUTE(SUBSTITUTE(SUBSTITUTE(SUBSTITUTE(SUBSTITUTE(SUBSTITUTE(TRIM($C3&""),"+","")," ",""),"-",""),"(",""),")",""),".",""),CHAR(160),""))) -> 40712345678 | W3: =IF($E3="","",IF(ISNUMBER($E3),"Stored as a NUMBER - every digit past the 15th is already lost. Format the column as Text and re-enter.",IF(NOT(SUMPRODUCT(--ISNUMBER(--MID(TRIM($E3&""),ROW(INDIRECT("1:"&LEN(TRIM($E3&"")))),1)))=LEN(TRIM($E3&""))),"Digits only - no +, -, spaces or any other character",IF(LEFT(TRIM($E3&""),2)<>"89","Must start with 89 (ITU-T E.118 telecom prefix)",IF(LEN(TRIM($E3&""))<18,"Too short - "&LEN(TRIM($E3&""))&" digits (min 18)",IF(LEN(TRIM($E3&""))>22,"Too long - "&LEN(TRIM($E3&""))&" digits (max 22)",IF(NOT(MOD(SUMPRODUCT(MID(TRIM($E3&""),ROW(INDIRECT("1:"&LEN(TRIM($E3&"")))),1)*1*(1+MOD(LEN(TRIM($E3&""))-ROW(INDIRECT("1:"&LEN(TRIM($E3&"")))),2))-MOD(LEN(TRIM($E3&""))-ROW(INDIRECT("1:"&LEN(TRIM($E3&"")))),2)*9*(MID(TRIM($E3&""),ROW(INDIRECT("1:"&LEN(TRIM($E3&"")))),1)*1*2>9)),10)=0),"WARNING: Luhn check digit does not match - likely a typo or a transposition","OK"))))))) -> OK | X3: =IF($U3="","",IF(NOT(SUMPRODUCT(--ISNUMBER(--MID(TRIM($U3&""),ROW(INDIRECT("1:"&LEN(TRIM($U3&"")))),1)))=LEN(TRIM($U3&""))),"Digits only - no +, -, spaces or any other character",IF(LEN(TRIM($U3&""))<>15,"Must be exactly 15 digits - this one has "&LEN(TRIM($U3&"")),IF(NOT(MOD(SUMPRODUCT(MID(TRIM($U3&""),ROW(INDIRECT("1:"&LEN(TRIM($U3&"")))),1)*1*(1+MOD(LEN(TRIM($U3&""))-ROW(INDIRECT("1:"&LEN(TRIM($U3&"")))),2))-MOD(LEN(TRIM($U3&""))-ROW(INDIRECT("1:"&LEN(TRIM($U3&"")))),2)*9*(MID(TRIM($U3&""),ROW(INDIRECT("1:"&LEN(TRIM($U3&"")))),1)*1*2>9)),10)=0),"WARNING: Luhn check digit does not match - likely a typo or a transposition","OK")))) -> OK | Y3: =IF($G3="","",IF(ISNUMBER($G3),IF(OR($G3<DATE(2000,1,1),$G3>TODAY()+730),"WARNING: real date, but outside 2000-01-01 .. today+2y - check the day/month order","OK"),IF(LEN(TRIM($G3&""))<>10,"Must be dd-mm-yyyy - 10 characters, this one has "&LEN(TRIM($G3&"")),IF(AND(NOT(ISERROR(FIND(MID(TRIM($G3&""),5,1),"-/."))),NOT(ISERROR(FIND(MID(TRIM($G3&""),8,1),"-/."))),SUMPRODUCT(--ISNUMBER(--MID(LEFT(TRIM($G3&""),4),ROW(INDIRECT("1:"&LEN(LEFT(TRIM($G3&""),4)))),1)))=LEN(LEFT(TRIM($G3&""),4))),"Looks like yyyy-mm-dd - StartDate must put the DAY first: dd-mm-yyyy",IF(OR(MID(TRIM($G3&""),3,1)<>MID(TRIM($G3&""),6,1),ISERROR(FIND(MID(TRIM($G3&""),3,1),"-/."))),"Separators must be in positions 3 and 6, matching, and be - or / or .",IF(NOT(AND(SUMPRODUCT(--ISNUMBER(--MID(LEFT(TRIM($G3&""),2),ROW(INDIRECT("1:"&LEN(LEFT(TRIM($G3&""),2)))),1)))=LEN(LEFT(TRIM($G3&""),2)),SUMPRODUCT(--ISNUMBER(--MID(MID(TRIM($G3&""),4,2),ROW(INDIRECT("1:"&LEN(MID(TRIM($G3&""),4,2)))),1)))=LEN(MID(TRIM($G3&""),4,2)),SUMPRODUCT(--ISNUMBER(--MID(RIGHT(TRIM($G3&""),4),ROW(INDIRECT("1:"&LEN(RIGHT(TRIM($G3&""),4)))),1)))=LEN(RIGHT(TRIM($G3&""),4)))),"Day, month and year must all be digits",IF(OR(LEFT(TRIM($G3&""),2)*1<1,LEFT(TRIM($G3&""),2)*1>31),"Day out of range - dd-mm-yyyy puts the DAY first",IF(OR(MID(TRIM($G3&""),4,2)*1<1,MID(TRIM($G3&""),4,2)*1>12),"Month out of range - dd-mm-yyyy puts the MONTH second",IF(OR(RIGHT(TRIM($G3&""),4)*1<2000,RIGHT(TRIM($G3&""),4)*1>2100),"Year out of range (2000-2100)",IF(DAY(DATE(RIGHT(TRIM($G3&""),4)*1,MID(TRIM($G3&""),4,2)*1,LEFT(TRIM($G3&""),2)*1))<>LEFT(TRIM($G3&""),2)*1,"Not a real calendar date (e.g. 31-02 or 30-02)","OK")))))))))) -> OK | Z3: =IF($P3="","",IF(SUMPRODUCT(--EXACT($P3,Config!$G$2:$G$4))>0,"OK",IF(NOT(ISNA(MATCH($P3,Config!$G$2:$G$4,0))),"WARNING: wrong capitalisation - should be """&INDEX(Config!$G$2:$G$4,MATCH($P3,Config!$G$2:$G$4,0))&""" exactly","Must be one of: Active, Deactivated, Suspended"))) -> OK | AA3: =IF($Q3="","",IF(SUMPRODUCT(--EXACT($Q3,Config!$H$2:$H$3))>0,"OK",IF(NOT(ISNA(MATCH($Q3,Config!$H$2:$H$3,0))),"WARNING: wrong capitalisation - should be """&INDEX(Config!$H$2:$H$3,MATCH($Q3,Config!$H$2:$H$3,0))&""" exactly","Must be one of: eSIM, Physical SIM"))) -> OK | AB3: =IF(IF(OR($T3="",$T3="OK"),"","PhoneNr: "&$T3&" // ")&IF(OR($W3="",$W3="OK"),"","ICC_ID: "&$W3&" // ")&IF(OR($Y3="",$Y3="OK"),"","StartDate: "&$Y3&" // ")&IF(OR($Z3="",$Z3="OK"),"","Status: "&$Z3&" // ")&IF(OR($AA3="",$AA3="OK"),"","SIM Type: "&$AA3&" // ")&IF(OR($X3="",$X3="OK"),"","IMEI: "&$X3&" // ")="","OK",LEFT(IF(OR($T3="",$T3="OK"),"","PhoneNr: "&$T3&" // ")&IF(OR($W3="",$W3="OK"),"","ICC_ID: "&$W3&" // ")&IF(OR($Y3="",$Y3="OK"),"","StartDate: "&$Y3&" // ")&IF(OR($Z3="",$Z3="OK"),"","Status: "&$Z3&" // ")&IF(OR($AA3="",$AA3="OK"),"","SIM Type: "&$AA3&" // ")&IF(OR($X3="",$X3="OK"),"","IMEI: "&$X3&" // "),LEN(IF(OR($T3="",$T3="OK"),"","PhoneNr: "&$T3&" // ")&IF(OR($W3="",$W3="OK"),"","ICC_ID: "&$W3&" // ")&IF(OR($Y3="",$Y3="OK"),"","StartDate: "&$Y3&" // ")&IF(OR($Z3="",$Z3="OK"),"","Status: "&$Z3&" // ")&IF(OR($AA3="",$AA3="OK"),"","SIM Type: "&$AA3&" // ")&IF(OR($X3="",$X3="OK"),"","IMEI: "&$X3&" // "))-6)) -> OK | AD3: PhoneNr: valid, bare digits
A4: Elena | B4: Dumitru | C4: 0712345678 | E4: 89352012345678901236 | G4: 28-02-2026 | H4: Romania | P4: Active | Q4: eSIM | T4: =IF($C4="","",IF($V4="","No digits at all - enter a phone number",IF(NOT(SUMPRODUCT(--ISNUMBER(--MID($V4,ROW(INDIRECT("1:"&LEN($V4))),1)))=LEN($V4)),"Digits only - no letters or symbols (+ ( ) - . and spaces are tolerated)",IF(LEN($V4)<8,"Too short - "&LEN($V4)&" digits (min 8)",IF(LEN($V4)>15,"Too long - "&LEN($V4)&" digits (max 15)",IF($H4="","WARNING: SIM_Country is empty - cannot check the country code",IF(ISNA(MATCH($H4,tblCountries[Name],0)),"WARNING: SIM_Country """&$H4&""" is not in tblCountries",IF(LEFT($V4,LEN(TEXT(INDEX(tblCountries[DialCode],MATCH($H4,tblCountries[Name],0)),"0")))<>TEXT(INDEX(tblCountries[DialCode],MATCH($H4,tblCountries[Name],0)),"0"),"Wrong country code - must start with +"&TEXT(INDEX(tblCountries[DialCode],MATCH($H4,tblCountries[Name],0)),"0")&" for "&$H4,"OK")))))))) -> Wrong country code - must start with +40 for Romania | U4: 352099001760897 | V4: =IF($C4="","",IF(LEFT(SUBSTITUTE(SUBSTITUTE(SUBSTITUTE(SUBSTITUTE(SUBSTITUTE(SUBSTITUTE(SUBSTITUTE(TRIM($C4&""),"+","")," ",""),"-",""),"(",""),")",""),".",""),CHAR(160),""),2)="00",MID(SUBSTITUTE(SUBSTITUTE(SUBSTITUTE(SUBSTITUTE(SUBSTITUTE(SUBSTITUTE(SUBSTITUTE(TRIM($C4&""),"+","")," ",""),"-",""),"(",""),")",""),".",""),CHAR(160),""),3,255),SUBSTITUTE(SUBSTITUTE(SUBSTITUTE(SUBSTITUTE(SUBSTITUTE(SUBSTITUTE(SUBSTITUTE(TRIM($C4&""),"+","")," ",""),"-",""),"(",""),")",""),".",""),CHAR(160),""))) -> 0712345678 | W4: =IF($E4="","",IF(ISNUMBER($E4),"Stored as a NUMBER - every digit past the 15th is already lost. Format the column as Text and re-enter.",IF(NOT(SUMPRODUCT(--ISNUMBER(--MID(TRIM($E4&""),ROW(INDIRECT("1:"&LEN(TRIM($E4&"")))),1)))=LEN(TRIM($E4&""))),"Digits only - no +, -, spaces or any other character",IF(LEFT(TRIM($E4&""),2)<>"89","Must start with 89 (ITU-T E.118 telecom prefix)",IF(LEN(TRIM($E4&""))<18,"Too short - "&LEN(TRIM($E4&""))&" digits (min 18)",IF(LEN(TRIM($E4&""))>22,"Too long - "&LEN(TRIM($E4&""))&" digits (max 22)",IF(NOT(MOD(SUMPRODUCT(MID(TRIM($E4&""),ROW(INDIRECT("1:"&LEN(TRIM($E4&"")))),1)*1*(1+MOD(LEN(TRIM($E4&""))-ROW(INDIRECT("1:"&LEN(TRIM($E4&"")))),2))-MOD(LEN(TRIM($E4&""))-ROW(INDIRECT("1:"&LEN(TRIM($E4&"")))),2)*9*(MID(TRIM($E4&""),ROW(INDIRECT("1:"&LEN(TRIM($E4&"")))),1)*1*2>9)),10)=0),"WARNING: Luhn check digit does not match - likely a typo or a transposition","OK"))))))) -> OK | X4: =IF($U4="","",IF(NOT(SUMPRODUCT(--ISNUMBER(--MID(TRIM($U4&""),ROW(INDIRECT("1:"&LEN(TRIM($U4&"")))),1)))=LEN(TRIM($U4&""))),"Digits only - no +, -, spaces or any other character",IF(LEN(TRIM($U4&""))<>15,"Must be exactly 15 digits - this one has "&LEN(TRIM($U4&"")),IF(NOT(MOD(SUMPRODUCT(MID(TRIM($U4&""),ROW(INDIRECT("1:"&LEN(TRIM($U4&"")))),1)*1*(1+MOD(LEN(TRIM($U4&""))-ROW(INDIRECT("1:"&LEN(TRIM($U4&"")))),2))-MOD(LEN(TRIM($U4&""))-ROW(INDIRECT("1:"&LEN(TRIM($U4&"")))),2)*9*(MID(TRIM($U4&""),ROW(INDIRECT("1:"&LEN(TRIM($U4&"")))),1)*1*2>9)),10)=0),"WARNING: Luhn check digit does not match - likely a typo or a transposition","OK")))) -> OK | Y4: =IF($G4="","",IF(ISNUMBER($G4),IF(OR($G4<DATE(2000,1,1),$G4>TODAY()+730),"WARNING: real date, but outside 2000-01-01 .. today+2y - check the day/month order","OK"),IF(LEN(TRIM($G4&""))<>10,"Must be dd-mm-yyyy - 10 characters, this one has "&LEN(TRIM($G4&"")),IF(AND(NOT(ISERROR(FIND(MID(TRIM($G4&""),5,1),"-/."))),NOT(ISERROR(FIND(MID(TRIM($G4&""),8,1),"-/."))),SUMPRODUCT(--ISNUMBER(--MID(LEFT(TRIM($G4&""),4),ROW(INDIRECT("1:"&LEN(LEFT(TRIM($G4&""),4)))),1)))=LEN(LEFT(TRIM($G4&""),4))),"Looks like yyyy-mm-dd - StartDate must put the DAY first: dd-mm-yyyy",IF(OR(MID(TRIM($G4&""),3,1)<>MID(TRIM($G4&""),6,1),ISERROR(FIND(MID(TRIM($G4&""),3,1),"-/."))),"Separators must be in positions 3 and 6, matching, and be - or / or .",IF(NOT(AND(SUMPRODUCT(--ISNUMBER(--MID(LEFT(TRIM($G4&""),2),ROW(INDIRECT("1:"&LEN(LEFT(TRIM($G4&""),2)))),1)))=LEN(LEFT(TRIM($G4&""),2)),SUMPRODUCT(--ISNUMBER(--MID(MID(TRIM($G4&""),4,2),ROW(INDIRECT("1:"&LEN(MID(TRIM($G4&""),4,2)))),1)))=LEN(MID(TRIM($G4&""),4,2)),SUMPRODUCT(--ISNUMBER(--MID(RIGHT(TRIM($G4&""),4),ROW(INDIRECT("1:"&LEN(RIGHT(TRIM($G4&""),4)))),1)))=LEN(RIGHT(TRIM($G4&""),4)))),"Day, month and year must all be digits",IF(OR(LEFT(TRIM($G4&""),2)*1<1,LEFT(TRIM($G4&""),2)*1>31),"Day out of range - dd-mm-yyyy puts the DAY first",IF(OR(MID(TRIM($G4&""),4,2)*1<1,MID(TRIM($G4&""),4,2)*1>12),"Month out of range - dd-mm-yyyy puts the MONTH second",IF(OR(RIGHT(TRIM($G4&""),4)*1<2000,RIGHT(TRIM($G4&""),4)*1>2100),"Year out of range (2000-2100)",IF(DAY(DATE(RIGHT(TRIM($G4&""),4)*1,MID(TRIM($G4&""),4,2)*1,LEFT(TRIM($G4&""),2)*1))<>LEFT(TRIM($G4&""),2)*1,"Not a real calendar date (e.g. 31-02 or 30-02)","OK")))))))))) -> OK | Z4: =IF($P4="","",IF(SUMPRODUCT(--EXACT($P4,Config!$G$2:$G$4))>0,"OK",IF(NOT(ISNA(MATCH($P4,Config!$G$2:$G$4,0))),"WARNING: wrong capitalisation - should be """&INDEX(Config!$G$2:$G$4,MATCH($P4,Config!$G$2:$G$4,0))&""" exactly","Must be one of: Active, Deactivated, Suspended"))) -> OK | AA4: =IF($Q4="","",IF(SUMPRODUCT(--EXACT($Q4,Config!$H$2:$H$3))>0,"OK",IF(NOT(ISNA(MATCH($Q4,Config!$H$2:$H$3,0))),"WARNING: wrong capitalisation - should be """&INDEX(Config!$H$2:$H$3,MATCH($Q4,Config!$H$2:$H$3,0))&""" exactly","Must be one of: eSIM, Physical SIM"))) -> OK | AB4: =IF(IF(OR($T4="",$T4="OK"),"","PhoneNr: "&$T4&" // ")&IF(OR($W4="",$W4="OK"),"","ICC_ID: "&$W4&" // ")&IF(OR($Y4="",$Y4="OK"),"","StartDate: "&$Y4&" // ")&IF(OR($Z4="",$Z4="OK"),"","Status: "&$Z4&" // ")&IF(OR($AA4="",$AA4="OK"),"","SIM Type: "&$AA4&" // ")&IF(OR($X4="",$X4="OK"),"","IMEI: "&$X4&" // ")="","OK",LEFT(IF(OR($T4="",$T4="OK"),"","PhoneNr: "&$T4&" // ")&IF(OR($W4="",$W4="OK"),"","ICC_ID: "&$W4&" // ")&IF(OR($Y4="",$Y4="OK"),"","StartDate: "&$Y4&" // ")&IF(OR($Z4="",$Z4="OK"),"","Status: "&$Z4&" // ")&IF(OR($AA4="",$AA4="OK"),"","SIM Type: "&$AA4&" // ")&IF(OR($X4="",$X4="OK"),"","IMEI: "&$X4&" // "),LEN(IF(OR($T4="",$T4="OK"),"","PhoneNr: "&$T4&" // ")&IF(OR($W4="",$W4="OK"),"","ICC_ID: "&$W4&" // ")&IF(OR($Y4="",$Y4="OK"),"","StartDate: "&$Y4&" // ")&IF(OR($Z4="",$Z4="OK"),"","Status: "&$Z4&" // ")&IF(OR($AA4="",$AA4="OK"),"","SIM Type: "&$AA4&" // ")&IF(OR($X4="",$X4="OK"),"","IMEI: "&$X4&" // "))-6)) -> PhoneNr: Wrong country code - must start with +40 for Romania | AD4: PhoneNr: national format, no country code
A5: Lukas | B5: Muller | C5: +49 151 1234 5678 | E5: 8935201234567890123451 | G5: 10-06-2025 | H5: Germany | P5: Suspended | Q5: Physical SIM | T5: =IF($C5="","",IF($V5="","No digits at all - enter a phone number",IF(NOT(SUMPRODUCT(--ISNUMBER(--MID($V5,ROW(INDIRECT("1:"&LEN($V5))),1)))=LEN($V5)),"Digits only - no letters or symbols (+ ( ) - . and spaces are tolerated)",IF(LEN($V5)<8,"Too short - "&LEN($V5)&" digits (min 8)",IF(LEN($V5)>15,"Too long - "&LEN($V5)&" digits (max 15)",IF($H5="","WARNING: SIM_Country is empty - cannot check the country code",IF(ISNA(MATCH($H5,tblCountries[Name],0)),"WARNING: SIM_Country """&$H5&""" is not in tblCountries",IF(LEFT($V5,LEN(TEXT(INDEX(tblCountries[DialCode],MATCH($H5,tblCountries[Name],0)),"0")))<>TEXT(INDEX(tblCountries[DialCode],MATCH($H5,tblCountries[Name],0)),"0"),"Wrong country code - must start with +"&TEXT(INDEX(tblCountries[DialCode],MATCH($H5,tblCountries[Name],0)),"0")&" for "&$H5,"OK")))))))) -> OK | U5: 861234567890127 | V5: =IF($C5="","",IF(LEFT(SUBSTITUTE(SUBSTITUTE(SUBSTITUTE(SUBSTITUTE(SUBSTITUTE(SUBSTITUTE(SUBSTITUTE(TRIM($C5&""),"+","")," ",""),"-",""),"(",""),")",""),".",""),CHAR(160),""),2)="00",MID(SUBSTITUTE(SUBSTITUTE(SUBSTITUTE(SUBSTITUTE(SUBSTITUTE(SUBSTITUTE(SUBSTITUTE(TRIM($C5&""),"+","")," ",""),"-",""),"(",""),")",""),".",""),CHAR(160),""),3,255),SUBSTITUTE(SUBSTITUTE(SUBSTITUTE(SUBSTITUTE(SUBSTITUTE(SUBSTITUTE(SUBSTITUTE(TRIM($C5&""),"+","")," ",""),"-",""),"(",""),")",""),".",""),CHAR(160),""))) -> 4915112345678 | W5: =IF($E5="","",IF(ISNUMBER($E5),"Stored as a NUMBER - every digit past the 15th is already lost. Format the column as Text and re-enter.",IF(NOT(SUMPRODUCT(--ISNUMBER(--MID(TRIM($E5&""),ROW(INDIRECT("1:"&LEN(TRIM($E5&"")))),1)))=LEN(TRIM($E5&""))),"Digits only - no +, -, spaces or any other character",IF(LEFT(TRIM($E5&""),2)<>"89","Must start with 89 (ITU-T E.118 telecom prefix)",IF(LEN(TRIM($E5&""))<18,"Too short - "&LEN(TRIM($E5&""))&" digits (min 18)",IF(LEN(TRIM($E5&""))>22,"Too long - "&LEN(TRIM($E5&""))&" digits (max 22)",IF(NOT(MOD(SUMPRODUCT(MID(TRIM($E5&""),ROW(INDIRECT("1:"&LEN(TRIM($E5&"")))),1)*1*(1+MOD(LEN(TRIM($E5&""))-ROW(INDIRECT("1:"&LEN(TRIM($E5&"")))),2))-MOD(LEN(TRIM($E5&""))-ROW(INDIRECT("1:"&LEN(TRIM($E5&"")))),2)*9*(MID(TRIM($E5&""),ROW(INDIRECT("1:"&LEN(TRIM($E5&"")))),1)*1*2>9)),10)=0),"WARNING: Luhn check digit does not match - likely a typo or a transposition","OK"))))))) -> OK | X5: =IF($U5="","",IF(NOT(SUMPRODUCT(--ISNUMBER(--MID(TRIM($U5&""),ROW(INDIRECT("1:"&LEN(TRIM($U5&"")))),1)))=LEN(TRIM($U5&""))),"Digits only - no +, -, spaces or any other character",IF(LEN(TRIM($U5&""))<>15,"Must be exactly 15 digits - this one has "&LEN(TRIM($U5&"")),IF(NOT(MOD(SUMPRODUCT(MID(TRIM($U5&""),ROW(INDIRECT("1:"&LEN(TRIM($U5&"")))),1)*1*(1+MOD(LEN(TRIM($U5&""))-ROW(INDIRECT("1:"&LEN(TRIM($U5&"")))),2))-MOD(LEN(TRIM($U5&""))-ROW(INDIRECT("1:"&LEN(TRIM($U5&"")))),2)*9*(MID(TRIM($U5&""),ROW(INDIRECT("1:"&LEN(TRIM($U5&"")))),1)*1*2>9)),10)=0),"WARNING: Luhn check digit does not match - likely a typo or a transposition","OK")))) -> OK | Y5: =IF($G5="","",IF(ISNUMBER($G5),IF(OR($G5<DATE(2000,1,1),$G5>TODAY()+730),"WARNING: real date, but outside 2000-01-01 .. today+2y - check the day/month order","OK"),IF(LEN(TRIM($G5&""))<>10,"Must be dd-mm-yyyy - 10 characters, this one has "&LEN(TRIM($G5&"")),IF(AND(NOT(ISERROR(FIND(MID(TRIM($G5&""),5,1),"-/."))),NOT(ISERROR(FIND(MID(TRIM($G5&""),8,1),"-/."))),SUMPRODUCT(--ISNUMBER(--MID(LEFT(TRIM($G5&""),4),ROW(INDIRECT("1:"&LEN(LEFT(TRIM($G5&""),4)))),1)))=LEN(LEFT(TRIM($G5&""),4))),"Looks like yyyy-mm-dd - StartDate must put the DAY first: dd-mm-yyyy",IF(OR(MID(TRIM($G5&""),3,1)<>MID(TRIM($G5&""),6,1),ISERROR(FIND(MID(TRIM($G5&""),3,1),"-/."))),"Separators must be in positions 3 and 6, matching, and be - or / or .",IF(NOT(AND(SUMPRODUCT(--ISNUMBER(--MID(LEFT(TRIM($G5&""),2),ROW(INDIRECT("1:"&LEN(LEFT(TRIM($G5&""),2)))),1)))=LEN(LEFT(TRIM($G5&""),2)),SUMPRODUCT(--ISNUMBER(--MID(MID(TRIM($G5&""),4,2),ROW(INDIRECT("1:"&LEN(MID(TRIM($G5&""),4,2)))),1)))=LEN(MID(TRIM($G5&""),4,2)),SUMPRODUCT(--ISNUMBER(--MID(RIGHT(TRIM($G5&""),4),ROW(INDIRECT("1:"&LEN(RIGHT(TRIM($G5&""),4)))),1)))=LEN(RIGHT(TRIM($G5&""),4)))),"Day, month and year must all be digits",IF(OR(LEFT(TRIM($G5&""),2)*1<1,LEFT(TRIM($G5&""),2)*1>31),"Day out of range - dd-mm-yyyy puts the DAY first",IF(OR(MID(TRIM($G5&""),4,2)*1<1,MID(TRIM($G5&""),4,2)*1>12),"Month out of range - dd-mm-yyyy puts the MONTH second",IF(OR(RIGHT(TRIM($G5&""),4)*1<2000,RIGHT(TRIM($G5&""),4)*1>2100),"Year out of range (2000-2100)",IF(DAY(DATE(RIGHT(TRIM($G5&""),4)*1,MID(TRIM($G5&""),4,2)*1,LEFT(TRIM($G5&""),2)*1))<>LEFT(TRIM($G5&""),2)*1,"Not a real calendar date (e.g. 31-02 or 30-02)","OK")))))))))) -> OK | Z5: =IF($P5="","",IF(SUMPRODUCT(--EXACT($P5,Config!$G$2:$G$4))>0,"OK",IF(NOT(ISNA(MATCH($P5,Config!$G$2:$G$4,0))),"WARNING: wrong capitalisation - should be """&INDEX(Config!$G$2:$G$4,MATCH($P5,Config!$G$2:$G$4,0))&""" exactly","Must be one of: Active, Deactivated, Suspended"))) -> OK | AA5: =IF($Q5="","",IF(SUMPRODUCT(--EXACT($Q5,Config!$H$2:$H$3))>0,"OK",IF(NOT(ISNA(MATCH($Q5,Config!$H$2:$H$3,0))),"WARNING: wrong capitalisation - should be """&INDEX(Config!$H$2:$H$3,MATCH($Q5,Config!$H$2:$H$3,0))&""" exactly","Must be one of: eSIM, Physical SIM"))) -> OK | AB5: =IF(IF(OR($T5="",$T5="OK"),"","PhoneNr: "&$T5&" // ")&IF(OR($W5="",$W5="OK"),"","ICC_ID: "&$W5&" // ")&IF(OR($Y5="",$Y5="OK"),"","StartDate: "&$Y5&" // ")&IF(OR($Z5="",$Z5="OK"),"","Status: "&$Z5&" // ")&IF(OR($AA5="",$AA5="OK"),"","SIM Type: "&$AA5&" // ")&IF(OR($X5="",$X5="OK"),"","IMEI: "&$X5&" // ")="","OK",LEFT(IF(OR($T5="",$T5="OK"),"","PhoneNr: "&$T5&" // ")&IF(OR($W5="",$W5="OK"),"","ICC_ID: "&$W5&" // ")&IF(OR($Y5="",$Y5="OK"),"","StartDate: "&$Y5&" // ")&IF(OR($Z5="",$Z5="OK"),"","Status: "&$Z5&" // ")&IF(OR($AA5="",$AA5="OK"),"","SIM Type: "&$AA5&" // ")&IF(OR($X5="",$X5="OK"),"","IMEI: "&$X5&" // "),LEN(IF(OR($T5="",$T5="OK"),"","PhoneNr: "&$T5&" // ")&IF(OR($W5="",$W5="OK"),"","ICC_ID: "&$W5&" // ")&IF(OR($Y5="",$Y5="OK"),"","StartDate: "&$Y5&" // ")&IF(OR($Z5="",$Z5="OK"),"","Status: "&$Z5&" // ")&IF(OR($AA5="",$AA5="OK"),"","SIM Type: "&$AA5&" // ")&IF(OR($X5="",$X5="OK"),"","IMEI: "&$X5&" // "))-6)) -> OK | AD5: PhoneNr: valid, spaces stripped
A6: Claire | B6: Dubois | C6: 0033612345678 | E6: 8935201234567890125 | G6: 05-11-2025 | H6: France | P6: Active | Q6: eSIM | T6: =IF($C6="","",IF($V6="","No digits at all - enter a phone number",IF(NOT(SUMPRODUCT(--ISNUMBER(--MID($V6,ROW(INDIRECT("1:"&LEN($V6))),1)))=LEN($V6)),"Digits only - no letters or symbols (+ ( ) - . and spaces are tolerated)",IF(LEN($V6)<8,"Too short - "&LEN($V6)&" digits (min 8)",IF(LEN($V6)>15,"Too long - "&LEN($V6)&" digits (max 15)",IF($H6="","WARNING: SIM_Country is empty - cannot check the country code",IF(ISNA(MATCH($H6,tblCountries[Name],0)),"WARNING: SIM_Country """&$H6&""" is not in tblCountries",IF(LEFT($V6,LEN(TEXT(INDEX(tblCountries[DialCode],MATCH($H6,tblCountries[Name],0)),"0")))<>TEXT(INDEX(tblCountries[DialCode],MATCH($H6,tblCountries[Name],0)),"0"),"Wrong country code - must start with +"&TEXT(INDEX(tblCountries[DialCode],MATCH($H6,tblCountries[Name],0)),"0")&" for "&$H6,"OK")))))))) -> OK | U6: 352099001760897 | V6: =IF($C6="","",IF(LEFT(SUBSTITUTE(SUBSTITUTE(SUBSTITUTE(SUBSTITUTE(SUBSTITUTE(SUBSTITUTE(SUBSTITUTE(TRIM($C6&""),"+","")," ",""),"-",""),"(",""),")",""),".",""),CHAR(160),""),2)="00",MID(SUBSTITUTE(SUBSTITUTE(SUBSTITUTE(SUBSTITUTE(SUBSTITUTE(SUBSTITUTE(SUBSTITUTE(TRIM($C6&""),"+","")," ",""),"-",""),"(",""),")",""),".",""),CHAR(160),""),3,255),SUBSTITUTE(SUBSTITUTE(SUBSTITUTE(SUBSTITUTE(SUBSTITUTE(SUBSTITUTE(SUBSTITUTE(TRIM($C6&""),"+","")," ",""),"-",""),"(",""),")",""),".",""),CHAR(160),""))) -> 33612345678 | W6: =IF($E6="","",IF(ISNUMBER($E6),"Stored as a NUMBER - every digit past the 15th is already lost. Format the column as Text and re-enter.",IF(NOT(SUMPRODUCT(--ISNUMBER(--MID(TRIM($E6&""),ROW(INDIRECT("1:"&LEN(TRIM($E6&"")))),1)))=LEN(TRIM($E6&""))),"Digits only - no +, -, spaces or any other character",IF(LEFT(TRIM($E6&""),2)<>"89","Must start with 89 (ITU-T E.118 telecom prefix)",IF(LEN(TRIM($E6&""))<18,"Too short - "&LEN(TRIM($E6&""))&" digits (min 18)",IF(LEN(TRIM($E6&""))>22,"Too long - "&LEN(TRIM($E6&""))&" digits (max 22)",IF(NOT(MOD(SUMPRODUCT(MID(TRIM($E6&""),ROW(INDIRECT("1:"&LEN(TRIM($E6&"")))),1)*1*(1+MOD(LEN(TRIM($E6&""))-ROW(INDIRECT("1:"&LEN(TRIM($E6&"")))),2))-MOD(LEN(TRIM($E6&""))-ROW(INDIRECT("1:"&LEN(TRIM($E6&"")))),2)*9*(MID(TRIM($E6&""),ROW(INDIRECT("1:"&LEN(TRIM($E6&"")))),1)*1*2>9)),10)=0),"WARNING: Luhn check digit does not match - likely a typo or a transposition","OK"))))))) -> OK | X6: =IF($U6="","",IF(NOT(SUMPRODUCT(--ISNUMBER(--MID(TRIM($U6&""),ROW(INDIRECT("1:"&LEN(TRIM($U6&"")))),1)))=LEN(TRIM($U6&""))),"Digits only - no +, -, spaces or any other character",IF(LEN(TRIM($U6&""))<>15,"Must be exactly 15 digits - this one has "&LEN(TRIM($U6&"")),IF(NOT(MOD(SUMPRODUCT(MID(TRIM($U6&""),ROW(INDIRECT("1:"&LEN(TRIM($U6&"")))),1)*1*(1+MOD(LEN(TRIM($U6&""))-ROW(INDIRECT("1:"&LEN(TRIM($U6&"")))),2))-MOD(LEN(TRIM($U6&""))-ROW(INDIRECT("1:"&LEN(TRIM($U6&"")))),2)*9*(MID(TRIM($U6&""),ROW(INDIRECT("1:"&LEN(TRIM($U6&"")))),1)*1*2>9)),10)=0),"WARNING: Luhn check digit does not match - likely a typo or a transposition","OK")))) -> OK | Y6: =IF($G6="","",IF(ISNUMBER($G6),IF(OR($G6<DATE(2000,1,1),$G6>TODAY()+730),"WARNING: real date, but outside 2000-01-01 .. today+2y - check the day/month order","OK"),IF(LEN(TRIM($G6&""))<>10,"Must be dd-mm-yyyy - 10 characters, this one has "&LEN(TRIM($G6&"")),IF(AND(NOT(ISERROR(FIND(MID(TRIM($G6&""),5,1),"-/."))),NOT(ISERROR(FIND(MID(TRIM($G6&""),8,1),"-/."))),SUMPRODUCT(--ISNUMBER(--MID(LEFT(TRIM($G6&""),4),ROW(INDIRECT("1:"&LEN(LEFT(TRIM($G6&""),4)))),1)))=LEN(LEFT(TRIM($G6&""),4))),"Looks like yyyy-mm-dd - StartDate must put the DAY first: dd-mm-yyyy",IF(OR(MID(TRIM($G6&""),3,1)<>MID(TRIM($G6&""),6,1),ISERROR(FIND(MID(TRIM($G6&""),3,1),"-/."))),"Separators must be in positions 3 and 6, matching, and be - or / or .",IF(NOT(AND(SUMPRODUCT(--ISNUMBER(--MID(LEFT(TRIM($G6&""),2),ROW(INDIRECT("1:"&LEN(LEFT(TRIM($G6&""),2)))),1)))=LEN(LEFT(TRIM($G6&""),2)),SUMPRODUCT(--ISNUMBER(--MID(MID(TRIM($G6&""),4,2),ROW(INDIRECT("1:"&LEN(MID(TRIM($G6&""),4,2)))),1)))=LEN(MID(TRIM($G6&""),4,2)),SUMPRODUCT(--ISNUMBER(--MID(RIGHT(TRIM($G6&""),4),ROW(INDIRECT("1:"&LEN(RIGHT(TRIM($G6&""),4)))),1)))=LEN(RIGHT(TRIM($G6&""),4)))),"Day, month and year must all be digits",IF(OR(LEFT(TRIM($G6&""),2)*1<1,LEFT(TRIM($G6&""),2)*1>31),"Day out of range - dd-mm-yyyy puts the DAY first",IF(OR(MID(TRIM($G6&""),4,2)*1<1,MID(TRIM($G6&""),4,2)*1>12),"Month out of range - dd-mm-yyyy puts the MONTH second",IF(OR(RIGHT(TRIM($G6&""),4)*1<2000,RIGHT(TRIM($G6&""),4)*1>2100),"Year out of range (2000-2100)",IF(DAY(DATE(RIGHT(TRIM($G6&""),4)*1,MID(TRIM($G6&""),4,2)*1,LEFT(TRIM($G6&""),2)*1))<>LEFT(TRIM($G6&""),2)*1,"Not a real calendar date (e.g. 31-02 or 30-02)","OK")))))))))) -> OK | Z6: =IF($P6="","",IF(SUMPRODUCT(--EXACT($P6,Config!$G$2:$G$4))>0,"OK",IF(NOT(ISNA(MATCH($P6,Config!$G$2:$G$4,0))),"WARNING: wrong capitalisation - should be """&INDEX(Config!$G$2:$G$4,MATCH($P6,Config!$G$2:$G$4,0))&""" exactly","Must be one of: Active, Deactivated, Suspended"))) -> OK | AA6: =IF($Q6="","",IF(SUMPRODUCT(--EXACT($Q6,Config!$H$2:$H$3))>0,"OK",IF(NOT(ISNA(MATCH($Q6,Config!$H$2:$H$3,0))),"WARNING: wrong capitalisation - should be """&INDEX(Config!$H$2:$H$3,MATCH($Q6,Config!$H$2:$H$3,0))&""" exactly","Must be one of: eSIM, Physical SIM"))) -> OK | AB6: =IF(IF(OR($T6="",$T6="OK"),"","PhoneNr: "&$T6&" // ")&IF(OR($W6="",$W6="OK"),"","ICC_ID: "&$W6&" // ")&IF(OR($Y6="",$Y6="OK"),"","StartDate: "&$Y6&" // ")&IF(OR($Z6="",$Z6="OK"),"","Status: "&$Z6&" // ")&IF(OR($AA6="",$AA6="OK"),"","SIM Type: "&$AA6&" // ")&IF(OR($X6="",$X6="OK"),"","IMEI: "&$X6&" // ")="","OK",LEFT(IF(OR($T6="",$T6="OK"),"","PhoneNr: "&$T6&" // ")&IF(OR($W6="",$W6="OK"),"","ICC_ID: "&$W6&" // ")&IF(OR($Y6="",$Y6="OK"),"","StartDate: "&$Y6&" // ")&IF(OR($Z6="",$Z6="OK"),"","Status: "&$Z6&" // ")&IF(OR($AA6="",$AA6="OK"),"","SIM Type: "&$AA6&" // ")&IF(OR($X6="",$X6="OK"),"","IMEI: "&$X6&" // "),LEN(IF(OR($T6="",$T6="OK"),"","PhoneNr: "&$T6&" // ")&IF(OR($W6="",$W6="OK"),"","ICC_ID: "&$W6&" // ")&IF(OR($Y6="",$Y6="OK"),"","StartDate: "&$Y6&" // ")&IF(OR($Z6="",$Z6="OK"),"","Status: "&$Z6&" // ")&IF(OR($AA6="",$AA6="OK"),"","SIM Type: "&$AA6&" // ")&IF(OR($X6="",$X6="OK"),"","IMEI: "&$X6&" // "))-6)) -> OK | AD6: PhoneNr: valid, 00 prefix converted
A7: Sven | B7: Jansen | C7: +31-6-1234-5678 | E7: 8935201234567890125 | G7: 30-04-2026 | H7: Netherlands | P7: Active | Q7: Physical SIM | T7: =IF($C7="","",IF($V7="","No digits at all - enter a phone number",IF(NOT(SUMPRODUCT(--ISNUMBER(--MID($V7,ROW(INDIRECT("1:"&LEN($V7))),1)))=LEN($V7)),"Digits only - no letters or symbols (+ ( ) - . and spaces are tolerated)",IF(LEN($V7)<8,"Too short - "&LEN($V7)&" digits (min 8)",IF(LEN($V7)>15,"Too long - "&LEN($V7)&" digits (max 15)",IF($H7="","WARNING: SIM_Country is empty - cannot check the country code",IF(ISNA(MATCH($H7,tblCountries[Name],0)),"WARNING: SIM_Country """&$H7&""" is not in tblCountries",IF(LEFT($V7,LEN(TEXT(INDEX(tblCountries[DialCode],MATCH($H7,tblCountries[Name],0)),"0")))<>TEXT(INDEX(tblCountries[DialCode],MATCH($H7,tblCountries[Name],0)),"0"),"Wrong country code - must start with +"&TEXT(INDEX(tblCountries[DialCode],MATCH($H7,tblCountries[Name],0)),"0")&" for "&$H7,"OK")))))))) -> OK | U7: 861234567890127 | V7: =IF($C7="","",IF(LEFT(SUBSTITUTE(SUBSTITUTE(SUBSTITUTE(SUBSTITUTE(SUBSTITUTE(SUBSTITUTE(SUBSTITUTE(TRIM($C7&""),"+","")," ",""),"-",""),"(",""),")",""),".",""),CHAR(160),""),2)="00",MID(SUBSTITUTE(SUBSTITUTE(SUBSTITUTE(SUBSTITUTE(SUBSTITUTE(SUBSTITUTE(SUBSTITUTE(TRIM($C7&""),"+","")," ",""),"-",""),"(",""),")",""),".",""),CHAR(160),""),3,255),SUBSTITUTE(SUBSTITUTE(SUBSTITUTE(SUBSTITUTE(SUBSTITUTE(SUBSTITUTE(SUBSTITUTE(TRIM($C7&""),"+","")," ",""),"-",""),"(",""),")",""),".",""),CHAR(160),""))) -> 31612345678 | W7: =IF($E7="","",IF(ISNUMBER($E7),"Stored as a NUMBER - every digit past the 15th is already lost. Format the column as Text and re-enter.",IF(NOT(SUMPRODUCT(--ISNUMBER(--MID(TRIM($E7&""),ROW(INDIRECT("1:"&LEN(TRIM($E7&"")))),1)))=LEN(TRIM($E7&""))),"Digits only - no +, -, spaces or any other character",IF(LEFT(TRIM($E7&""),2)<>"89","Must start with 89 (ITU-T E.118 telecom prefix)",IF(LEN(TRIM($E7&""))<18,"Too short - "&LEN(TRIM($E7&""))&" digits (min 18)",IF(LEN(TRIM($E7&""))>22,"Too long - "&LEN(TRIM($E7&""))&" digits (max 22)",IF(NOT(MOD(SUMPRODUCT(MID(TRIM($E7&""),ROW(INDIRECT("1:"&LEN(TRIM($E7&"")))),1)*1*(1+MOD(LEN(TRIM($E7&""))-ROW(INDIRECT("1:"&LEN(TRIM($E7&"")))),2))-MOD(LEN(TRIM($E7&""))-ROW(INDIRECT("1:"&LEN(TRIM($E7&"")))),2)*9*(MID(TRIM($E7&""),ROW(INDIRECT("1:"&LEN(TRIM($E7&"")))),1)*1*2>9)),10)=0),"WARNING: Luhn check digit does not match - likely a typo or a transposition","OK"))))))) -> OK | X7: =IF($U7="","",IF(NOT(SUMPRODUCT(--ISNUMBER(--MID(TRIM($U7&""),ROW(INDIRECT("1:"&LEN(TRIM($U7&"")))),1)))=LEN(TRIM($U7&""))),"Digits only - no +, -, spaces or any other character",IF(LEN(TRIM($U7&""))<>15,"Must be exactly 15 digits - this one has "&LEN(TRIM($U7&"")),IF(NOT(MOD(SUMPRODUCT(MID(TRIM($U7&""),ROW(INDIRECT("1:"&LEN(TRIM($U7&"")))),1)*1*(1+MOD(LEN(TRIM($U7&""))-ROW(INDIRECT("1:"&LEN(TRIM($U7&"")))),2))-MOD(LEN(TRIM($U7&""))-ROW(INDIRECT("1:"&LEN(TRIM($U7&"")))),2)*9*(MID(TRIM($U7&""),ROW(INDIRECT("1:"&LEN(TRIM($U7&"")))),1)*1*2>9)),10)=0),"WARNING: Luhn check digit does not match - likely a typo or a transposition","OK")))) -> OK | Y7: =IF($G7="","",IF(ISNUMBER($G7),IF(OR($G7<DATE(2000,1,1),$G7>TODAY()+730),"WARNING: real date, but outside 2000-01-01 .. today+2y - check the day/month order","OK"),IF(LEN(TRIM($G7&""))<>10,"Must be dd-mm-yyyy - 10 characters, this one has "&LEN(TRIM($G7&"")),IF(AND(NOT(ISERROR(FIND(MID(TRIM($G7&""),5,1),"-/."))),NOT(ISERROR(FIND(MID(TRIM($G7&""),8,1),"-/."))),SUMPRODUCT(--ISNUMBER(--MID(LEFT(TRIM($G7&""),4),ROW(INDIRECT("1:"&LEN(LEFT(TRIM($G7&""),4)))),1)))=LEN(LEFT(TRIM($G7&""),4))),"Looks like yyyy-mm-dd - StartDate must put the DAY first: dd-mm-yyyy",IF(OR(MID(TRIM($G7&""),3,1)<>MID(TRIM($G7&""),6,1),ISERROR(FIND(MID(TRIM($G7&""),3,1),"-/."))),"Separators must be in positions 3 and 6, matching, and be - or / or .",IF(NOT(AND(SUMPRODUCT(--ISNUMBER(--MID(LEFT(TRIM($G7&""),2),ROW(INDIRECT("1:"&LEN(LEFT(TRIM($G7&""),2)))),1)))=LEN(LEFT(TRIM($G7&""),2)),SUMPRODUCT(--ISNUMBER(--MID(MID(TRIM($G7&""),4,2),ROW(INDIRECT("1:"&LEN(MID(TRIM($G7&""),4,2)))),1)))=LEN(MID(TRIM($G7&""),4,2)),SUMPRODUCT(--ISNUMBER(--MID(RIGHT(TRIM($G7&""),4),ROW(INDIRECT("1:"&LEN(RIGHT(TRIM($G7&""),4)))),1)))=LEN(RIGHT(TRIM($G7&""),4)))),"Day, month and year must all be digits",IF(OR(LEFT(TRIM($G7&""),2)*1<1,LEFT(TRIM($G7&""),2)*1>31),"Day out of range - dd-mm-yyyy puts the DAY first",IF(OR(MID(TRIM($G7&""),4,2)*1<1,MID(TRIM($G7&""),4,2)*1>12),"Month out of range - dd-mm-yyyy puts the MONTH second",IF(OR(RIGHT(TRIM($G7&""),4)*1<2000,RIGHT(TRIM($G7&""),4)*1>2100),"Year out of range (2000-2100)",IF(DAY(DATE(RIGHT(TRIM($G7&""),4)*1,MID(TRIM($G7&""),4,2)*1,LEFT(TRIM($G7&""),2)*1))<>LEFT(TRIM($G7&""),2)*1,"Not a real calendar date (e.g. 31-02 or 30-02)","OK")))))))))) -> OK | Z7: =IF($P7="","",IF(SUMPRODUCT(--EXACT($P7,Config!$G$2:$G$4))>0,"OK",IF(NOT(ISNA(MATCH($P7,Config!$G$2:$G$4,0))),"WARNING: wrong capitalisation - should be """&INDEX(Config!$G$2:$G$4,MATCH($P7,Config!$G$2:$G$4,0))&""" exactly","Must be one of: Active, Deactivated, Suspended"))) -> OK | AA7: =IF($Q7="","",IF(SUMPRODUCT(--EXACT($Q7,Config!$H$2:$H$3))>0,"OK",IF(NOT(ISNA(MATCH($Q7,Config!$H$2:$H$3,0))),"WARNING: wrong capitalisation - should be """&INDEX(Config!$H$2:$H$3,MATCH($Q7,Config!$H$2:$H$3,0))&""" exactly","Must be one of: eSIM, Physical SIM"))) -> OK | AB7: =IF(IF(OR($T7="",$T7="OK"),"","PhoneNr: "&$T7&" // ")&IF(OR($W7="",$W7="OK"),"","ICC_ID: "&$W7&" // ")&IF(OR($Y7="",$Y7="OK"),"","StartDate: "&$Y7&" // ")&IF(OR($Z7="",$Z7="OK"),"","Status: "&$Z7&" // ")&IF(OR($AA7="",$AA7="OK"),"","SIM Type: "&$AA7&" // ")&IF(OR($X7="",$X7="OK"),"","IMEI: "&$X7&" // ")="","OK",LEFT(IF(OR($T7="",$T7="OK"),"","PhoneNr: "&$T7&" // ")&IF(OR($W7="",$W7="OK"),"","ICC_ID: "&$W7&" // ")&IF(OR($Y7="",$Y7="OK"),"","StartDate: "&$Y7&" // ")&IF(OR($Z7="",$Z7="OK"),"","Status: "&$Z7&" // ")&IF(OR($AA7="",$AA7="OK"),"","SIM Type: "&$AA7&" // ")&IF(OR($X7="",$X7="OK"),"","IMEI: "&$X7&" // "),LEN(IF(OR($T7="",$T7="OK"),"","PhoneNr: "&$T7&" // ")&IF(OR($W7="",$W7="OK"),"","ICC_ID: "&$W7&" // ")&IF(OR($Y7="",$Y7="OK"),"","StartDate: "&$Y7&" // ")&IF(OR($Z7="",$Z7="OK"),"","Status: "&$Z7&" // ")&IF(OR($AA7="",$AA7="OK"),"","SIM Type: "&$AA7&" // ")&IF(OR($X7="",$X7="OK"),"","IMEI: "&$X7&" // "))-6)) -> OK | AD7: PhoneNr: valid, dashes stripped
A8: Marco | B8: Rossi | C8: +39123 | E8: 8935201234567890125 | G8: 15-03-2026 | H8: Italy | P8: Active | Q8: eSIM | T8: =IF($C8="","",IF($V8="","No digits at all - enter a phone number",IF(NOT(SUMPRODUCT(--ISNUMBER(--MID($V8,ROW(INDIRECT("1:"&LEN($V8))),1)))=LEN($V8)),"Digits only - no letters or symbols (+ ( ) - . and spaces are tolerated)",IF(LEN($V8)<8,"Too short - "&LEN($V8)&" digits (min 8)",IF(LEN($V8)>15,"Too long - "&LEN($V8)&" digits (max 15)",IF($H8="","WARNING: SIM_Country is empty - cannot check the country code",IF(ISNA(MATCH($H8,tblCountries[Name],0)),"WARNING: SIM_Country """&$H8&""" is not in tblCountries",IF(LEFT($V8,LEN(TEXT(INDEX(tblCountries[DialCode],MATCH($H8,tblCountries[Name],0)),"0")))<>TEXT(INDEX(tblCountries[DialCode],MATCH($H8,tblCountries[Name],0)),"0"),"Wrong country code - must start with +"&TEXT(INDEX(tblCountries[DialCode],MATCH($H8,tblCountries[Name],0)),"0")&" for "&$H8,"OK")))))))) -> Too short - 5 digits (min 8) | U8: 352099001760897 | V8: =IF($C8="","",IF(LEFT(SUBSTITUTE(SUBSTITUTE(SUBSTITUTE(SUBSTITUTE(SUBSTITUTE(SUBSTITUTE(SUBSTITUTE(TRIM($C8&""),"+","")," ",""),"-",""),"(",""),")",""),".",""),CHAR(160),""),2)="00",MID(SUBSTITUTE(SUBSTITUTE(SUBSTITUTE(SUBSTITUTE(SUBSTITUTE(SUBSTITUTE(SUBSTITUTE(TRIM($C8&""),"+","")," ",""),"-",""),"(",""),")",""),".",""),CHAR(160),""),3,255),SUBSTITUTE(SUBSTITUTE(SUBSTITUTE(SUBSTITUTE(SUBSTITUTE(SUBSTITUTE(SUBSTITUTE(TRIM($C8&""),"+","")," ",""),"-",""),"(",""),")",""),".",""),CHAR(160),""))) -> 39123 | W8: =IF($E8="","",IF(ISNUMBER($E8),"Stored as a NUMBER - every digit past the 15th is already lost. Format the column as Text and re-enter.",IF(NOT(SUMPRODUCT(--ISNUMBER(--MID(TRIM($E8&""),ROW(INDIRECT("1:"&LEN(TRIM($E8&"")))),1)))=LEN(TRIM($E8&""))),"Digits only - no +, -, spaces or any other character",IF(LEFT(TRIM($E8&""),2)<>"89","Must start with 89 (ITU-T E.118 telecom prefix)",IF(LEN(TRIM($E8&""))<18,"Too short - "&LEN(TRIM($E8&""))&" digits (min 18)",IF(LEN(TRIM($E8&""))>22,"Too long - "&LEN(TRIM($E8&""))&" digits (max 22)",IF(NOT(MOD(SUMPRODUCT(MID(TRIM($E8&""),ROW(INDIRECT("1:"&LEN(TRIM($E8&"")))),1)*1*(1+MOD(LEN(TRIM($E8&""))-ROW(INDIRECT("1:"&LEN(TRIM($E8&"")))),2))-MOD(LEN(TRIM($E8&""))-ROW(INDIRECT("1:"&LEN(TRIM($E8&"")))),2)*9*(MID(TRIM($E8&""),ROW(INDIRECT("1:"&LEN(TRIM($E8&"")))),1)*1*2>9)),10)=0),"WARNING: Luhn check digit does not match - likely a typo or a transposition","OK"))))))) -> OK | X8: =IF($U8="","",IF(NOT(SUMPRODUCT(--ISNUMBER(--MID(TRIM($U8&""),ROW(INDIRECT("1:"&LEN(TRIM($U8&"")))),1)))=LEN(TRIM($U8&""))),"Digits only - no +, -, spaces or any other character",IF(LEN(TRIM($U8&""))<>15,"Must be exactly 15 digits - this one has "&LEN(TRIM($U8&"")),IF(NOT(MOD(SUMPRODUCT(MID(TRIM($U8&""),ROW(INDIRECT("1:"&LEN(TRIM($U8&"")))),1)*1*(1+MOD(LEN(TRIM($U8&""))-ROW(INDIRECT("1:"&LEN(TRIM($U8&"")))),2))-MOD(LEN(TRIM($U8&""))-ROW(INDIRECT("1:"&LEN(TRIM($U8&"")))),2)*9*(MID(TRIM($U8&""),ROW(INDIRECT("1:"&LEN(TRIM($U8&"")))),1)*1*2>9)),10)=0),"WARNING: Luhn check digit does not match - likely a typo or a transposition","OK")))) -> OK | Y8: =IF($G8="","",IF(ISNUMBER($G8),IF(OR($G8<DATE(2000,1,1),$G8>TODAY()+730),"WARNING: real date, but outside 2000-01-01 .. today+2y - check the day/month order","OK"),IF(LEN(TRIM($G8&""))<>10,"Must be dd-mm-yyyy - 10 characters, this one has "&LEN(TRIM($G8&"")),IF(AND(NOT(ISERROR(FIND(MID(TRIM($G8&""),5,1),"-/."))),NOT(ISERROR(FIND(MID(TRIM($G8&""),8,1),"-/."))),SUMPRODUCT(--ISNUMBER(--MID(LEFT(TRIM($G8&""),4),ROW(INDIRECT("1:"&LEN(LEFT(TRIM($G8&""),4)))),1)))=LEN(LEFT(TRIM($G8&""),4))),"Looks like yyyy-mm-dd - StartDate must put the DAY first: dd-mm-yyyy",IF(OR(MID(TRIM($G8&""),3,1)<>MID(TRIM($G8&""),6,1),ISERROR(FIND(MID(TRIM($G8&""),3,1),"-/."))),"Separators must be in positions 3 and 6, matching, and be - or / or .",IF(NOT(AND(SUMPRODUCT(--ISNUMBER(--MID(LEFT(TRIM($G8&""),2),ROW(INDIRECT("1:"&LEN(LEFT(TRIM($G8&""),2)))),1)))=LEN(LEFT(TRIM($G8&""),2)),SUMPRODUCT(--ISNUMBER(--MID(MID(TRIM($G8&""),4,2),ROW(INDIRECT("1:"&LEN(MID(TRIM($G8&""),4,2)))),1)))=LEN(MID(TRIM($G8&""),4,2)),SUMPRODUCT(--ISNUMBER(--MID(RIGHT(TRIM($G8&""),4),ROW(INDIRECT("1:"&LEN(RIGHT(TRIM($G8&""),4)))),1)))=LEN(RIGHT(TRIM($G8&""),4)))),"Day, month and year must all be digits",IF(OR(LEFT(TRIM($G8&""),2)*1<1,LEFT(TRIM($G8&""),2)*1>31),"Day out of range - dd-mm-yyyy puts the DAY first",IF(OR(MID(TRIM($G8&""),4,2)*1<1,MID(TRIM($G8&""),4,2)*1>12),"Month out of range - dd-mm-yyyy puts the MONTH second",IF(OR(RIGHT(TRIM($G8&""),4)*1<2000,RIGHT(TRIM($G8&""),4)*1>2100),"Year out of range (2000-2100)",IF(DAY(DATE(RIGHT(TRIM($G8&""),4)*1,MID(TRIM($G8&""),4,2)*1,LEFT(TRIM($G8&""),2)*1))<>LEFT(TRIM($G8&""),2)*1,"Not a real calendar date (e.g. 31-02 or 30-02)","OK")))))))))) -> OK | Z8: =IF($P8="","",IF(SUMPRODUCT(--EXACT($P8,Config!$G$2:$G$4))>0,"OK",IF(NOT(ISNA(MATCH($P8,Config!$G$2:$G$4,0))),"WARNING: wrong capitalisation - should be """&INDEX(Config!$G$2:$G$4,MATCH($P8,Config!$G$2:$G$4,0))&""" exactly","Must be one of: Active, Deactivated, Suspended"))) -> OK | AA8: =IF($Q8="","",IF(SUMPRODUCT(--EXACT($Q8,Config!$H$2:$H$3))>0,"OK",IF(NOT(ISNA(MATCH($Q8,Config!$H$2:$H$3,0))),"WARNING: wrong capitalisation - should be """&INDEX(Config!$H$2:$H$3,MATCH($Q8,Config!$H$2:$H$3,0))&""" exactly","Must be one of: eSIM, Physical SIM"))) -> OK | AB8: =IF(IF(OR($T8="",$T8="OK"),"","PhoneNr: "&$T8&" // ")&IF(OR($W8="",$W8="OK"),"","ICC_ID: "&$W8&" // ")&IF(OR($Y8="",$Y8="OK"),"","StartDate: "&$Y8&" // ")&IF(OR($Z8="",$Z8="OK"),"","Status: "&$Z8&" // ")&IF(OR($AA8="",$AA8="OK"),"","SIM Type: "&$AA8&" // ")&IF(OR($X8="",$X8="OK"),"","IMEI: "&$X8&" // ")="","OK",LEFT(IF(OR($T8="",$T8="OK"),"","PhoneNr: "&$T8&" // ")&IF(OR($W8="",$W8="OK"),"","ICC_ID: "&$W8&" // ")&IF(OR($Y8="",$Y8="OK"),"","StartDate: "&$Y8&" // ")&IF(OR($Z8="",$Z8="OK"),"","Status: "&$Z8&" // ")&IF(OR($AA8="",$AA8="OK"),"","SIM Type: "&$AA8&" // ")&IF(OR($X8="",$X8="OK"),"","IMEI: "&$X8&" // "),LEN(IF(OR($T8="",$T8="OK"),"","PhoneNr: "&$T8&" // ")&IF(OR($W8="",$W8="OK"),"","ICC_ID: "&$W8&" // ")&IF(OR($Y8="",$Y8="OK"),"","StartDate: "&$Y8&" // ")&IF(OR($Z8="",$Z8="OK"),"","Status: "&$Z8&" // ")&IF(OR($AA8="",$AA8="OK"),"","SIM Type: "&$AA8&" // ")&IF(OR($X8="",$X8="OK"),"","IMEI: "&$X8&" // "))-6)) -> PhoneNr: Too short - 5 digits (min 8) | AD8: PhoneNr: too short
A9: Sofia | B9: Garcia | C9: +34123456789012345 | E9: 8935201234567890125 | G9: 15-03-2026 | H9: Spain | P9: Active | Q9: eSIM | T9: =IF($C9="","",IF($V9="","No digits at all - enter a phone number",IF(NOT(SUMPRODUCT(--ISNUMBER(--MID($V9,ROW(INDIRECT("1:"&LEN($V9))),1)))=LEN($V9)),"Digits only - no letters or symbols (+ ( ) - . and spaces are tolerated)",IF(LEN($V9)<8,"Too short - "&LEN($V9)&" digits (min 8)",IF(LEN($V9)>15,"Too long - "&LEN($V9)&" digits (max 15)",IF($H9="","WARNING: SIM_Country is empty - cannot check the country code",IF(ISNA(MATCH($H9,tblCountries[Name],0)),"WARNING: SIM_Country """&$H9&""" is not in tblCountries",IF(LEFT($V9,LEN(TEXT(INDEX(tblCountries[DialCode],MATCH($H9,tblCountries[Name],0)),"0")))<>TEXT(INDEX(tblCountries[DialCode],MATCH($H9,tblCountries[Name],0)),"0"),"Wrong country code - must start with +"&TEXT(INDEX(tblCountries[DialCode],MATCH($H9,tblCountries[Name],0)),"0")&" for "&$H9,"OK")))))))) -> Too long - 17 digits (max 15) | U9: 352099001760897 | V9: =IF($C9="","",IF(LEFT(SUBSTITUTE(SUBSTITUTE(SUBSTITUTE(SUBSTITUTE(SUBSTITUTE(SUBSTITUTE(SUBSTITUTE(TRIM($C9&""),"+","")," ",""),"-",""),"(",""),")",""),".",""),CHAR(160),""),2)="00",MID(SUBSTITUTE(SUBSTITUTE(SUBSTITUTE(SUBSTITUTE(SUBSTITUTE(SUBSTITUTE(SUBSTITUTE(TRIM($C9&""),"+","")," ",""),"-",""),"(",""),")",""),".",""),CHAR(160),""),3,255),SUBSTITUTE(SUBSTITUTE(SUBSTITUTE(SUBSTITUTE(SUBSTITUTE(SUBSTITUTE(SUBSTITUTE(TRIM($C9&""),"+","")," ",""),"-",""),"(",""),")",""),".",""),CHAR(160),""))) -> 34123456789012345 | W9: =IF($E9="","",IF(ISNUMBER($E9),"Stored as a NUMBER - every digit past the 15th is already lost. Format the column as Text and re-enter.",IF(NOT(SUMPRODUCT(--ISNUMBER(--MID(TRIM($E9&""),ROW(INDIRECT("1:"&LEN(TRIM($E9&"")))),1)))=LEN(TRIM($E9&""))),"Digits only - no +, -, spaces or any other character",IF(LEFT(TRIM($E9&""),2)<>"89","Must start with 89 (ITU-T E.118 telecom prefix)",IF(LEN(TRIM($E9&""))<18,"Too short - "&LEN(TRIM($E9&""))&" digits (min 18)",IF(LEN(TRIM($E9&""))>22,"Too long - "&LEN(TRIM($E9&""))&" digits (max 22)",IF(NOT(MOD(SUMPRODUCT(MID(TRIM($E9&""),ROW(INDIRECT("1:"&LEN(TRIM($E9&"")))),1)*1*(1+MOD(LEN(TRIM($E9&""))-ROW(INDIRECT("1:"&LEN(TRIM($E9&"")))),2))-MOD(LEN(TRIM($E9&""))-ROW(INDIRECT("1:"&LEN(TRIM($E9&"")))),2)*9*(MID(TRIM($E9&""),ROW(INDIRECT("1:"&LEN(TRIM($E9&"")))),1)*1*2>9)),10)=0),"WARNING: Luhn check digit does not match - likely a typo or a transposition","OK"))))))) -> OK | X9: =IF($U9="","",IF(NOT(SUMPRODUCT(--ISNUMBER(--MID(TRIM($U9&""),ROW(INDIRECT("1:"&LEN(TRIM($U9&"")))),1)))=LEN(TRIM($U9&""))),"Digits only - no +, -, spaces or any other character",IF(LEN(TRIM($U9&""))<>15,"Must be exactly 15 digits - this one has "&LEN(TRIM($U9&"")),IF(NOT(MOD(SUMPRODUCT(MID(TRIM($U9&""),ROW(INDIRECT("1:"&LEN(TRIM($U9&"")))),1)*1*(1+MOD(LEN(TRIM($U9&""))-ROW(INDIRECT("1:"&LEN(TRIM($U9&"")))),2))-MOD(LEN(TRIM($U9&""))-ROW(INDIRECT("1:"&LEN(TRIM($U9&"")))),2)*9*(MID(TRIM($U9&""),ROW(INDIRECT("1:"&LEN(TRIM($U9&"")))),1)*1*2>9)),10)=0),"WARNING: Luhn check digit does not match - likely a typo or a transposition","OK")))) -> OK | Y9: =IF($G9="","",IF(ISNUMBER($G9),IF(OR($G9<DATE(2000,1,1),$G9>TODAY()+730),"WARNING: real date, but outside 2000-01-01 .. today+2y - check the day/month order","OK"),IF(LEN(TRIM($G9&""))<>10,"Must be dd-mm-yyyy - 10 characters, this one has "&LEN(TRIM($G9&"")),IF(AND(NOT(ISERROR(FIND(MID(TRIM($G9&""),5,1),"-/."))),NOT(ISERROR(FIND(MID(TRIM($G9&""),8,1),"-/."))),SUMPRODUCT(--ISNUMBER(--MID(LEFT(TRIM($G9&""),4),ROW(INDIRECT("1:"&LEN(LEFT(TRIM($G9&""),4)))),1)))=LEN(LEFT(TRIM($G9&""),4))),"Looks like yyyy-mm-dd - StartDate must put the DAY first: dd-mm-yyyy",IF(OR(MID(TRIM($G9&""),3,1)<>MID(TRIM($G9&""),6,1),ISERROR(FIND(MID(TRIM($G9&""),3,1),"-/."))),"Separators must be in positions 3 and 6, matching, and be - or / or .",IF(NOT(AND(SUMPRODUCT(--ISNUMBER(--MID(LEFT(TRIM($G9&""),2),ROW(INDIRECT("1:"&LEN(LEFT(TRIM($G9&""),2)))),1)))=LEN(LEFT(TRIM($G9&""),2)),SUMPRODUCT(--ISNUMBER(--MID(MID(TRIM($G9&""),4,2),ROW(INDIRECT("1:"&LEN(MID(TRIM($G9&""),4,2)))),1)))=LEN(MID(TRIM($G9&""),4,2)),SUMPRODUCT(--ISNUMBER(--MID(RIGHT(TRIM($G9&""),4),ROW(INDIRECT("1:"&LEN(RIGHT(TRIM($G9&""),4)))),1)))=LEN(RIGHT(TRIM($G9&""),4)))),"Day, month and year must all be digits",IF(OR(LEFT(TRIM($G9&""),2)*1<1,LEFT(TRIM($G9&""),2)*1>31),"Day out of range - dd-mm-yyyy puts the DAY first",IF(OR(MID(TRIM($G9&""),4,2)*1<1,MID(TRIM($G9&""),4,2)*1>12),"Month out of range - dd-mm-yyyy puts the MONTH second",IF(OR(RIGHT(TRIM($G9&""),4)*1<2000,RIGHT(TRIM($G9&""),4)*1>2100),"Year out of range (2000-2100)",IF(DAY(DATE(RIGHT(TRIM($G9&""),4)*1,MID(TRIM($G9&""),4,2)*1,LEFT(TRIM($G9&""),2)*1))<>LEFT(TRIM($G9&""),2)*1,"Not a real calendar date (e.g. 31-02 or 30-02)","OK")))))))))) -> OK | Z9: =IF($P9="","",IF(SUMPRODUCT(--EXACT($P9,Config!$G$2:$G$4))>0,"OK",IF(NOT(ISNA(MATCH($P9,Config!$G$2:$G$4,0))),"WARNING: wrong capitalisation - should be """&INDEX(Config!$G$2:$G$4,MATCH($P9,Config!$G$2:$G$4,0))&""" exactly","Must be one of: Active, Deactivated, Suspended"))) -> OK | AA9: =IF($Q9="","",IF(SUMPRODUCT(--EXACT($Q9,Config!$H$2:$H$3))>0,"OK",IF(NOT(ISNA(MATCH($Q9,Config!$H$2:$H$3,0))),"WARNING: wrong capitalisation - should be """&INDEX(Config!$H$2:$H$3,MATCH($Q9,Config!$H$2:$H$3,0))&""" exactly","Must be one of: eSIM, Physical SIM"))) -> OK | AB9: =IF(IF(OR($T9="",$T9="OK"),"","PhoneNr: "&$T9&" // ")&IF(OR($W9="",$W9="OK"),"","ICC_ID: "&$W9&" // ")&IF(OR($Y9="",$Y9="OK"),"","StartDate: "&$Y9&" // ")&IF(OR($Z9="",$Z9="OK"),"","Status: "&$Z9&" // ")&IF(OR($AA9="",$AA9="OK"),"","SIM Type: "&$AA9&" // ")&IF(OR($X9="",$X9="OK"),"","IMEI: "&$X9&" // ")="","OK",LEFT(IF(OR($T9="",$T9="OK"),"","PhoneNr: "&$T9&" // ")&IF(OR($W9="",$W9="OK"),"","ICC_ID: "&$W9&" // ")&IF(OR($Y9="",$Y9="OK"),"","StartDate: "&$Y9&" // ")&IF(OR($Z9="",$Z9="OK"),"","Status: "&$Z9&" // ")&IF(OR($AA9="",$AA9="OK"),"","SIM Type: "&$AA9&" // ")&IF(OR($X9="",$X9="OK"),"","IMEI: "&$X9&" // "),LEN(IF(OR($T9="",$T9="OK"),"","PhoneNr: "&$T9&" // ")&IF(OR($W9="",$W9="OK"),"","ICC_ID: "&$W9&" // ")&IF(OR($Y9="",$Y9="OK"),"","StartDate: "&$Y9&" // ")&IF(OR($Z9="",$Z9="OK"),"","Status: "&$Z9&" // ")&IF(OR($AA9="",$AA9="OK"),"","SIM Type: "&$AA9&" // ")&IF(OR($X9="",$X9="OK"),"","IMEI: "&$X9&" // "))-6)) -> PhoneNr: Too long - 17 digits (max 15) | AD9: PhoneNr: too long
A10: James | B10: Whitfield | C10: +44ABC12345 | E10: 8935201234567890125 | G10: 15-03-2026 | H10: United Kingdom | P10: Active | Q10: eSIM | T10: =IF($C10="","",IF($V10="","No digits at all - enter a phone number",IF(NOT(SUMPRODUCT(--ISNUMBER(--MID($V10,ROW(INDIRECT("1:"&LEN($V10))),1)))=LEN($V10)),"Digits only - no letters or symbols (+ ( ) - . and spaces are tolerated)",IF(LEN($V10)<8,"Too short - "&LEN($V10)&" digits (min 8)",IF(LEN($V10)>15,"Too long - "&LEN($V10)&" digits (max 15)",IF($H10="","WARNING: SIM_Country is empty - cannot check the country code",IF(ISNA(MATCH($H10,tblCountries[Name],0)),"WARNING: SIM_Country """&$H10&""" is not in tblCountries",IF(LEFT($V10,LEN(TEXT(INDEX(tblCountries[DialCode],MATCH($H10,tblCountries[Name],0)),"0")))<>TEXT(INDEX(tblCountries[DialCode],MATCH($H10,tblCountries[Name],0)),"0"),"Wrong country code - must start with +"&TEXT(INDEX(tblCountries[DialCode],MATCH($H10,tblCountries[Name],0)),"0")&" for "&$H10,"OK")))))))) -> Digits only - no letters or symbols (+ ( ) - . and spaces are tolerated) | U10: 352099001760897 | V10: =IF($C10="","",IF(LEFT(SUBSTITUTE(SUBSTITUTE(SUBSTITUTE(SUBSTITUTE(SUBSTITUTE(SUBSTITUTE(SUBSTITUTE(TRIM($C10&""),"+","")," ",""),"-",""),"(",""),")",""),".",""),CHAR(160),""),2)="00",MID(SUBSTITUTE(SUBSTITUTE(SUBSTITUTE(SUBSTITUTE(SUBSTITUTE(SUBSTITUTE(SUBSTITUTE(TRIM($C10&""),"+","")," ",""),"-",""),"(",""),")",""),".",""),CHAR(160),""),3,255),SUBSTITUTE(SUBSTITUTE(SUBSTITUTE(SUBSTITUTE(SUBSTITUTE(SUBSTITUTE(SUBSTITUTE(TRIM($C10&""),"+","")," ",""),"-",""),"(",""),")",""),".",""),CHAR(160),""))) -> 44ABC12345 | W10: =IF($E10="","",IF(ISNUMBER($E10),"Stored as a NUMBER - every digit past the 15th is already lost. Format the column as Text and re-enter.",IF(NOT(SUMPRODUCT(--ISNUMBER(--MID(TRIM($E10&""),ROW(INDIRECT("1:"&LEN(TRIM($E10&"")))),1)))=LEN(TRIM($E10&""))),"Digits only - no +, -, spaces or any other character",IF(LEFT(TRIM($E10&""),2)<>"89","Must start with 89 (ITU-T E.118 telecom prefix)",IF(LEN(TRIM($E10&""))<18,"Too short - "&LEN(TRIM($E10&""))&" digits (min 18)",IF(LEN(TRIM($E10&""))>22,"Too long - "&LEN(TRIM($E10&""))&" digits (max 22)",IF(NOT(MOD(SUMPRODUCT(MID(TRIM($E10&""),ROW(INDIRECT("1:"&LEN(TRIM($E10&"")))),1)*1*(1+MOD(LEN(TRIM($E10&""))-ROW(INDIRECT("1:"&LEN(TRIM($E10&"")))),2))-MOD(LEN(TRIM($E10&""))-ROW(INDIRECT("1:"&LEN(TRIM($E10&"")))),2)*9*(MID(TRIM($E10&""),ROW(INDIRECT("1:"&LEN(TRIM($E10&"")))),1)*1*2>9)),10)=0),"WARNING: Luhn check digit does not match - likely a typo or a transposition","OK"))))))) -> OK | X10: =IF($U10="","",IF(NOT(SUMPRODUCT(--ISNUMBER(--MID(TRIM($U10&""),ROW(INDIRECT("1:"&LEN(TRIM($U10&"")))),1)))=LEN(TRIM($U10&""))),"Digits only - no +, -, spaces or any other character",IF(LEN(TRIM($U10&""))<>15,"Must be exactly 15 digits - this one has "&LEN(TRIM($U10&"")),IF(NOT(MOD(SUMPRODUCT(MID(TRIM($U10&""),ROW(INDIRECT("1:"&LEN(TRIM($U10&"")))),1)*1*(1+MOD(LEN(TRIM($U10&""))-ROW(INDIRECT("1:"&LEN(TRIM($U10&"")))),2))-MOD(LEN(TRIM($U10&""))-ROW(INDIRECT("1:"&LEN(TRIM($U10&"")))),2)*9*(MID(TRIM($U10&""),ROW(INDIRECT("1:"&LEN(TRIM($U10&"")))),1)*1*2>9)),10)=0),"WARNING: Luhn check digit does not match - likely a typo or a transposition","OK")))) -> OK | Y10: =IF($G10="","",IF(ISNUMBER($G10),IF(OR($G10<DATE(2000,1,1),$G10>TODAY()+730),"WARNING: real date, but outside 2000-01-01 .. today+2y - check the day/month order","OK"),IF(LEN(TRIM($G10&""))<>10,"Must be dd-mm-yyyy - 10 characters, this one has "&LEN(TRIM($G10&"")),IF(AND(NOT(ISERROR(FIND(MID(TRIM($G10&""),5,1),"-/."))),NOT(ISERROR(FIND(MID(TRIM($G10&""),8,1),"-/."))),SUMPRODUCT(--ISNUMBER(--MID(LEFT(TRIM($G10&""),4),ROW(INDIRECT("1:"&LEN(LEFT(TRIM($G10&""),4)))),1)))=LEN(LEFT(TRIM($G10&""),4))),"Looks like yyyy-mm-dd - StartDate must put the DAY first: dd-mm-yyyy",IF(OR(MID(TRIM($G10&""),3,1)<>MID(TRIM($G10&""),6,1),ISERROR(FIND(MID(TRIM($G10&""),3,1),"-/."))),"Separators must be in positions 3 and 6, matching, and be - or / or .",IF(NOT(AND(SUMPRODUCT(--ISNUMBER(--MID(LEFT(TRIM($G10&""),2),ROW(INDIRECT("1:"&LEN(LEFT(TRIM($G10&""),2)))),1)))=LEN(LEFT(TRIM($G10&""),2)),SUMPRODUCT(--ISNUMBER(--MID(MID(TRIM($G10&""),4,2),ROW(INDIRECT("1:"&LEN(MID(TRIM($G10&""),4,2)))),1)))=LEN(MID(TRIM($G10&""),4,2)),SUMPRODUCT(--ISNUMBER(--MID(RIGHT(TRIM($G10&""),4),ROW(INDIRECT("1:"&LEN(RIGHT(TRIM($G10&""),4)))),1)))=LEN(RIGHT(TRIM($G10&""),4)))),"Day, month and year must all be digits",IF(OR(LEFT(TRIM($G10&""),2)*1<1,LEFT(TRIM($G10&""),2)*1>31),"Day out of range - dd-mm-yyyy puts the DAY first",IF(OR(MID(TRIM($G10&""),4,2)*1<1,MID(TRIM($G10&""),4,2)*1>12),"Month out of range - dd-mm-yyyy puts the MONTH second",IF(OR(RIGHT(TRIM($G10&""),4)*1<2000,RIGHT(TRIM($G10&""),4)*1>2100),"Year out of range (2000-2100)",IF(DAY(DATE(RIGHT(TRIM($G10&""),4)*1,MID(TRIM($G10&""),4,2)*1,LEFT(TRIM($G10&""),2)*1))<>LEFT(TRIM($G10&""),2)*1,"Not a real calendar date (e.g. 31-02 or 30-02)","OK")))))))))) -> OK | Z10: =IF($P10="","",IF(SUMPRODUCT(--EXACT($P10,Config!$G$2:$G$4))>0,"OK",IF(NOT(ISNA(MATCH($P10,Config!$G$2:$G$4,0))),"WARNING: wrong capitalisation - should be """&INDEX(Config!$G$2:$G$4,MATCH($P10,Config!$G$2:$G$4,0))&""" exactly","Must be one of: Active, Deactivated, Suspended"))) -> OK | AA10: =IF($Q10="","",IF(SUMPRODUCT(--EXACT($Q10,Config!$H$2:$H$3))>0,"OK",IF(NOT(ISNA(MATCH($Q10,Config!$H$2:$H$3,0))),"WARNING: wrong capitalisation - should be """&INDEX(Config!$H$2:$H$3,MATCH($Q10,Config!$H$2:$H$3,0))&""" exactly","Must be one of: eSIM, Physical SIM"))) -> OK | AB10: =IF(IF(OR($T10="",$T10="OK"),"","PhoneNr: "&$T10&" // ")&IF(OR($W10="",$W10="OK"),"","ICC_ID: "&$W10&" // ")&IF(OR($Y10="",$Y10="OK"),"","StartDate: "&$Y10&" // ")&IF(OR($Z10="",$Z10="OK"),"","Status: "&$Z10&" // ")&IF(OR($AA10="",$AA10="OK"),"","SIM Type: "&$AA10&" // ")&IF(OR($X10="",$X10="OK"),"","IMEI: "&$X10&" // ")="","OK",LEFT(IF(OR($T10="",$T10="OK"),"","PhoneNr: "&$T10&" // ")&IF(OR($W10="",$W10="OK"),"","ICC_ID: "&$W10&" // ")&IF(OR($Y10="",$Y10="OK"),"","StartDate: "&$Y10&" // ")&IF(OR($Z10="",$Z10="OK"),"","Status: "&$Z10&" // ")&IF(OR($AA10="",$AA10="OK"),"","SIM Type: "&$AA10&" // ")&IF(OR($X10="",$X10="OK"),"","IMEI: "&$X10&" // "),LEN(IF(OR($T10="",$T10="OK"),"","PhoneNr: "&$T10&" // ")&IF(OR($W10="",$W10="OK"),"","ICC_ID: "&$W10&" // ")&IF(OR($Y10="",$Y10="OK"),"","StartDate: "&$Y10&" // ")&IF(OR($Z10="",$Z10="OK"),"","Status: "&$Z10&" // ")&IF(OR($AA10="",$AA10="OK"),"","SIM Type: "&$AA10&" // ")&IF(OR($X10="",$X10="OK"),"","IMEI: "&$X10&" // "))-6)) -> PhoneNr: Digits only - no letters or symbols (+ ( ) - . and spaces are tolerated) | AD10: PhoneNr: letters
A11: Piotr | B11: Kowalski | C11: +40712345678 | E11: 8935201234567890125 | G11: 15-03-2026 | H11: Poland | P11: Active | Q11: eSIM | T11: =IF($C11="","",IF($V11="","No digits at all - enter a phone number",IF(NOT(SUMPRODUCT(--ISNUMBER(--MID($V11,ROW(INDIRECT("1:"&LEN($V11))),1)))=LEN($V11)),"Digits only - no letters or symbols (+ ( ) - . and spaces are tolerated)",IF(LEN($V11)<8,"Too short - "&LEN($V11)&" digits (min 8)",IF(LEN($V11)>15,"Too long - "&LEN($V11)&" digits (max 15)",IF($H11="","WARNING: SIM_Country is empty - cannot check the country code",IF(ISNA(MATCH($H11,tblCountries[Name],0)),"WARNING: SIM_Country """&$H11&""" is not in tblCountries",IF(LEFT($V11,LEN(TEXT(INDEX(tblCountries[DialCode],MATCH($H11,tblCountries[Name],0)),"0")))<>TEXT(INDEX(tblCountries[DialCode],MATCH($H11,tblCountries[Name],0)),"0"),"Wrong country code - must start with +"&TEXT(INDEX(tblCountries[DialCode],MATCH($H11,tblCountries[Name],0)),"0")&" for "&$H11,"OK")))))))) -> Wrong country code - must start with +48 for Poland | U11: 352099001760897 | V11: =IF($C11="","",IF(LEFT(SUBSTITUTE(SUBSTITUTE(SUBSTITUTE(SUBSTITUTE(SUBSTITUTE(SUBSTITUTE(SUBSTITUTE(TRIM($C11&""),"+","")," ",""),"-",""),"(",""),")",""),".",""),CHAR(160),""),2)="00",MID(SUBSTITUTE(SUBSTITUTE(SUBSTITUTE(SUBSTITUTE(SUBSTITUTE(SUBSTITUTE(SUBSTITUTE(TRIM($C11&""),"+","")," ",""),"-",""),"(",""),")",""),".",""),CHAR(160),""),3,255),SUBSTITUTE(SUBSTITUTE(SUBSTITUTE(SUBSTITUTE(SUBSTITUTE(SUBSTITUTE(SUBSTITUTE(TRIM($C11&""),"+","")," ",""),"-",""),"(",""),")",""),".",""),CHAR(160),""))) -> 40712345678 | W11: =IF($E11="","",IF(ISNUMBER($E11),"Stored as a NUMBER - every digit past the 15th is already lost. Format the column as Text and re-enter.",IF(NOT(SUMPRODUCT(--ISNUMBER(--MID(TRIM($E11&""),ROW(INDIRECT("1:"&LEN(TRIM($E11&"")))),1)))=LEN(TRIM($E11&""))),"Digits only - no +, -, spaces or any other character",IF(LEFT(TRIM($E11&""),2)<>"89","Must start with 89 (ITU-T E.118 telecom prefix)",IF(LEN(TRIM($E11&""))<18,"Too short - "&LEN(TRIM($E11&""))&" digits (min 18)",IF(LEN(TRIM($E11&""))>22,"Too long - "&LEN(TRIM($E11&""))&" digits (max 22)",IF(NOT(MOD(SUMPRODUCT(MID(TRIM($E11&""),ROW(INDIRECT("1:"&LEN(TRIM($E11&"")))),1)*1*(1+MOD(LEN(TRIM($E11&""))-ROW(INDIRECT("1:"&LEN(TRIM($E11&"")))),2))-MOD(LEN(TRIM($E11&""))-ROW(INDIRECT("1:"&LEN(TRIM($E11&"")))),2)*9*(MID(TRIM($E11&""),ROW(INDIRECT("1:"&LEN(TRIM($E11&"")))),1)*1*2>9)),10)=0),"WARNING: Luhn check digit does not match - likely a typo or a transposition","OK"))))))) -> OK | X11: =IF($U11="","",IF(NOT(SUMPRODUCT(--ISNUMBER(--MID(TRIM($U11&""),ROW(INDIRECT("1:"&LEN(TRIM($U11&"")))),1)))=LEN(TRIM($U11&""))),"Digits only - no +, -, spaces or any other character",IF(LEN(TRIM($U11&""))<>15,"Must be exactly 15 digits - this one has "&LEN(TRIM($U11&"")),IF(NOT(MOD(SUMPRODUCT(MID(TRIM($U11&""),ROW(INDIRECT("1:"&LEN(TRIM($U11&"")))),1)*1*(1+MOD(LEN(TRIM($U11&""))-ROW(INDIRECT("1:"&LEN(TRIM($U11&"")))),2))-MOD(LEN(TRIM($U11&""))-ROW(INDIRECT("1:"&LEN(TRIM($U11&"")))),2)*9*(MID(TRIM($U11&""),ROW(INDIRECT("1:"&LEN(TRIM($U11&"")))),1)*1*2>9)),10)=0),"WARNING: Luhn check digit does not match - likely a typo or a transposition","OK")))) -> OK | Y11: =IF($G11="","",IF(ISNUMBER($G11),IF(OR($G11<DATE(2000,1,1),$G11>TODAY()+730),"WARNING: real date, but outside 2000-01-01 .. today+2y - check the day/month order","OK"),IF(LEN(TRIM($G11&""))<>10,"Must be dd-mm-yyyy - 10 characters, this one has "&LEN(TRIM($G11&"")),IF(AND(NOT(ISERROR(FIND(MID(TRIM($G11&""),5,1),"-/."))),NOT(ISERROR(FIND(MID(TRIM($G11&""),8,1),"-/."))),SUMPRODUCT(--ISNUMBER(--MID(LEFT(TRIM($G11&""),4),ROW(INDIRECT("1:"&LEN(LEFT(TRIM($G11&""),4)))),1)))=LEN(LEFT(TRIM($G11&""),4))),"Looks like yyyy-mm-dd - StartDate must put the DAY first: dd-mm-yyyy",IF(OR(MID(TRIM($G11&""),3,1)<>MID(TRIM($G11&""),6,1),ISERROR(FIND(MID(TRIM($G11&""),3,1),"-/."))),"Separators must be in positions 3 and 6, matching, and be - or / or .",IF(NOT(AND(SUMPRODUCT(--ISNUMBER(--MID(LEFT(TRIM($G11&""),2),ROW(INDIRECT("1:"&LEN(LEFT(TRIM($G11&""),2)))),1)))=LEN(LEFT(TRIM($G11&""),2)),SUMPRODUCT(--ISNUMBER(--MID(MID(TRIM($G11&""),4,2),ROW(INDIRECT("1:"&LEN(MID(TRIM($G11&""),4,2)))),1)))=LEN(MID(TRIM($G11&""),4,2)),SUMPRODUCT(--ISNUMBER(--MID(RIGHT(TRIM($G11&""),4),ROW(INDIRECT("1:"&LEN(RIGHT(TRIM($G11&""),4)))),1)))=LEN(RIGHT(TRIM($G11&""),4)))),"Day, month and year must all be digits",IF(OR(LEFT(TRIM($G11&""),2)*1<1,LEFT(TRIM($G11&""),2)*1>31),"Day out of range - dd-mm-yyyy puts the DAY first",IF(OR(MID(TRIM($G11&""),4,2)*1<1,MID(TRIM($G11&""),4,2)*1>12),"Month out of range - dd-mm-yyyy puts the MONTH second",IF(OR(RIGHT(TRIM($G11&""),4)*1<2000,RIGHT(TRIM($G11&""),4)*1>2100),"Year out of range (2000-2100)",IF(DAY(DATE(RIGHT(TRIM($G11&""),4)*1,MID(TRIM($G11&""),4,2)*1,LEFT(TRIM($G11&""),2)*1))<>LEFT(TRIM($G11&""),2)*1,"Not a real calendar date (e.g. 31-02 or 30-02)","OK")))))))))) -> OK | Z11: =IF($P11="","",IF(SUMPRODUCT(--EXACT($P11,Config!$G$2:$G$4))>0,"OK",IF(NOT(ISNA(MATCH($P11,Config!$G$2:$G$4,0))),"WARNING: wrong capitalisation - should be """&INDEX(Config!$G$2:$G$4,MATCH($P11,Config!$G$2:$G$4,0))&""" exactly","Must be one of: Active, Deactivated, Suspended"))) -> OK | AA11: =IF($Q11="","",IF(SUMPRODUCT(--EXACT($Q11,Config!$H$2:$H$3))>0,"OK",IF(NOT(ISNA(MATCH($Q11,Config!$H$2:$H$3,0))),"WARNING: wrong capitalisation - should be """&INDEX(Config!$H$2:$H$3,MATCH($Q11,Config!$H$2:$H$3,0))&""" exactly","Must be one of: eSIM, Physical SIM"))) -> OK | AB11: =IF(IF(OR($T11="",$T11="OK"),"","PhoneNr: "&$T11&" // ")&IF(OR($W11="",$W11="OK"),"","ICC_ID: "&$W11&" // ")&IF(OR($Y11="",$Y11="OK"),"","StartDate: "&$Y11&" // ")&IF(OR($Z11="",$Z11="OK"),"","Status: "&$Z11&" // ")&IF(OR($AA11="",$AA11="OK"),"","SIM Type: "&$AA11&" // ")&IF(OR($X11="",$X11="OK"),"","IMEI: "&$X11&" // ")="","OK",LEFT(IF(OR($T11="",$T11="OK"),"","PhoneNr: "&$T11&" // ")&IF(OR($W11="",$W11="OK"),"","ICC_ID: "&$W11&" // ")&IF(OR($Y11="",$Y11="OK"),"","StartDate: "&$Y11&" // ")&IF(OR($Z11="",$Z11="OK"),"","Status: "&$Z11&" // ")&IF(OR($AA11="",$AA11="OK"),"","SIM Type: "&$AA11&" // ")&IF(OR($X11="",$X11="OK"),"","IMEI: "&$X11&" // "),LEN(IF(OR($T11="",$T11="OK"),"","PhoneNr: "&$T11&" // ")&IF(OR($W11="",$W11="OK"),"","ICC_ID: "&$W11&" // ")&IF(OR($Y11="",$Y11="OK"),"","StartDate: "&$Y11&" // ")&IF(OR($Z11="",$Z11="OK"),"","Status: "&$Z11&" // ")&IF(OR($AA11="",$AA11="OK"),"","SIM Type: "&$AA11&" // ")&IF(OR($X11="",$X11="OK"),"","IMEI: "&$X11&" // "))-6)) -> PhoneNr: Wrong country code - must start with +48 for Poland | AD11: PhoneNr: wrong country code (PL is 48)
A12: Nadia | B12: Okonkwo | C12: +40712345678 | E12: 8935201234567890125 | G12: 15-03-2026 | H12: Wakanda | P12: Active | Q12: eSIM | T12: =IF($C12="","",IF($V12="","No digits at all - enter a phone number",IF(NOT(SUMPRODUCT(--ISNUMBER(--MID($V12,ROW(INDIRECT("1:"&LEN($V12))),1)))=LEN($V12)),"Digits only - no letters or symbols (+ ( ) - . and spaces are tolerated)",IF(LEN($V12)<8,"Too short - "&LEN($V12)&" digits (min 8)",IF(LEN($V12)>15,"Too long - "&LEN($V12)&" digits (max 15)",IF($H12="","WARNING: SIM_Country is empty - cannot check the country code",IF(ISNA(MATCH($H12,tblCountries[Name],0)),"WARNING: SIM_Country """&$H12&""" is not in tblCountries",IF(LEFT($V12,LEN(TEXT(INDEX(tblCountries[DialCode],MATCH($H12,tblCountries[Name],0)),"0")))<>TEXT(INDEX(tblCountries[DialCode],MATCH($H12,tblCountries[Name],0)),"0"),"Wrong country code - must start with +"&TEXT(INDEX(tblCountries[DialCode],MATCH($H12,tblCountries[Name],0)),"0")&" for "&$H12,"OK")))))))) -> WARNING: SIM_Country "Wakanda" is not in tblCountries | U12: 352099001760897 | V12: =IF($C12="","",IF(LEFT(SUBSTITUTE(SUBSTITUTE(SUBSTITUTE(SUBSTITUTE(SUBSTITUTE(SUBSTITUTE(SUBSTITUTE(TRIM($C12&""),"+","")," ",""),"-",""),"(",""),")",""),".",""),CHAR(160),""),2)="00",MID(SUBSTITUTE(SUBSTITUTE(SUBSTITUTE(SUBSTITUTE(SUBSTITUTE(SUBSTITUTE(SUBSTITUTE(TRIM($C12&""),"+","")," ",""),"-",""),"(",""),")",""),".",""),CHAR(160),""),3,255),SUBSTITUTE(SUBSTITUTE(SUBSTITUTE(SUBSTITUTE(SUBSTITUTE(SUBSTITUTE(SUBSTITUTE(TRIM($C12&""),"+","")," ",""),"-",""),"(",""),")",""),".",""),CHAR(160),""))) -> 40712345678 | W12: =IF($E12="","",IF(ISNUMBER($E12),"Stored as a NUMBER - every digit past the 15th is already lost. Format the column as Text and re-enter.",IF(NOT(SUMPRODUCT(--ISNUMBER(--MID(TRIM($E12&""),ROW(INDIRECT("1:"&LEN(TRIM($E12&"")))),1)))=LEN(TRIM($E12&""))),"Digits only - no +, -, spaces or any other character",IF(LEFT(TRIM($E12&""),2)<>"89","Must start with 89 (ITU-T E.118 telecom prefix)",IF(LEN(TRIM($E12&""))<18,"Too short - "&LEN(TRIM($E12&""))&" digits (min 18)",IF(LEN(TRIM($E12&""))>22,"Too long - "&LEN(TRIM($E12&""))&" digits (max 22)",IF(NOT(MOD(SUMPRODUCT(MID(TRIM($E12&""),ROW(INDIRECT("1:"&LEN(TRIM($E12&"")))),1)*1*(1+MOD(LEN(TRIM($E12&""))-ROW(INDIRECT("1:"&LEN(TRIM($E12&"")))),2))-MOD(LEN(TRIM($E12&""))-ROW(INDIRECT("1:"&LEN(TRIM($E12&"")))),2)*9*(MID(TRIM($E12&""),ROW(INDIRECT("1:"&LEN(TRIM($E12&"")))),1)*1*2>9)),10)=0),"WARNING: Luhn check digit does not match - likely a typo or a transposition","OK"))))))) -> OK | X12: =IF($U12="","",IF(NOT(SUMPRODUCT(--ISNUMBER(--MID(TRIM($U12&""),ROW(INDIRECT("1:"&LEN(TRIM($U12&"")))),1)))=LEN(TRIM($U12&""))),"Digits only - no +, -, spaces or any other character",IF(LEN(TRIM($U12&""))<>15,"Must be exactly 15 digits - this one has "&LEN(TRIM($U12&"")),IF(NOT(MOD(SUMPRODUCT(MID(TRIM($U12&""),ROW(INDIRECT("1:"&LEN(TRIM($U12&"")))),1)*1*(1+MOD(LEN(TRIM($U12&""))-ROW(INDIRECT("1:"&LEN(TRIM($U12&"")))),2))-MOD(LEN(TRIM($U12&""))-ROW(INDIRECT("1:"&LEN(TRIM($U12&"")))),2)*9*(MID(TRIM($U12&""),ROW(INDIRECT("1:"&LEN(TRIM($U12&"")))),1)*1*2>9)),10)=0),"WARNING: Luhn check digit does not match - likely a typo or a transposition","OK")))) -> OK | Y12: =IF($G12="","",IF(ISNUMBER($G12),IF(OR($G12<DATE(2000,1,1),$G12>TODAY()+730),"WARNING: real date, but outside 2000-01-01 .. today+2y - check the day/month order","OK"),IF(LEN(TRIM($G12&""))<>10,"Must be dd-mm-yyyy - 10 characters, this one has "&LEN(TRIM($G12&"")),IF(AND(NOT(ISERROR(FIND(MID(TRIM($G12&""),5,1),"-/."))),NOT(ISERROR(FIND(MID(TRIM($G12&""),8,1),"-/."))),SUMPRODUCT(--ISNUMBER(--MID(LEFT(TRIM($G12&""),4),ROW(INDIRECT("1:"&LEN(LEFT(TRIM($G12&""),4)))),1)))=LEN(LEFT(TRIM($G12&""),4))),"Looks like yyyy-mm-dd - StartDate must put the DAY first: dd-mm-yyyy",IF(OR(MID(TRIM($G12&""),3,1)<>MID(TRIM($G12&""),6,1),ISERROR(FIND(MID(TRIM($G12&""),3,1),"-/."))),"Separators must be in positions 3 and 6, matching, and be - or / or .",IF(NOT(AND(SUMPRODUCT(--ISNUMBER(--MID(LEFT(TRIM($G12&""),2),ROW(INDIRECT("1:"&LEN(LEFT(TRIM($G12&""),2)))),1)))=LEN(LEFT(TRIM($G12&""),2)),SUMPRODUCT(--ISNUMBER(--MID(MID(TRIM($G12&""),4,2),ROW(INDIRECT("1:"&LEN(MID(TRIM($G12&""),4,2)))),1)))=LEN(MID(TRIM($G12&""),4,2)),SUMPRODUCT(--ISNUMBER(--MID(RIGHT(TRIM($G12&""),4),ROW(INDIRECT("1:"&LEN(RIGHT(TRIM($G12&""),4)))),1)))=LEN(RIGHT(TRIM($G12&""),4)))),"Day, month and year must all be digits",IF(OR(LEFT(TRIM($G12&""),2)*1<1,LEFT(TRIM($G12&""),2)*1>31),"Day out of range - dd-mm-yyyy puts the DAY first",IF(OR(MID(TRIM($G12&""),4,2)*1<1,MID(TRIM($G12&""),4,2)*1>12),"Month out of range - dd-mm-yyyy puts the MONTH second",IF(OR(RIGHT(TRIM($G12&""),4)*1<2000,RIGHT(TRIM($G12&""),4)*1>2100),"Year out of range (2000-2100)",IF(DAY(DATE(RIGHT(TRIM($G12&""),4)*1,MID(TRIM($G12&""),4,2)*1,LEFT(TRIM($G12&""),2)*1))<>LEFT(TRIM($G12&""),2)*1,"Not a real calendar date (e.g. 31-02 or 30-02)","OK")))))))))) -> OK | Z12: =IF($P12="","",IF(SUMPRODUCT(--EXACT($P12,Config!$G$2:$G$4))>0,"OK",IF(NOT(ISNA(MATCH($P12,Config!$G$2:$G$4,0))),"WARNING: wrong capitalisation - should be """&INDEX(Config!$G$2:$G$4,MATCH($P12,Config!$G$2:$G$4,0))&""" exactly","Must be one of: Active, Deactivated, Suspended"))) -> OK | AA12: =IF($Q12="","",IF(SUMPRODUCT(--EXACT($Q12,Config!$H$2:$H$3))>0,"OK",IF(NOT(ISNA(MATCH($Q12,Config!$H$2:$H$3,0))),"WARNING: wrong capitalisation - should be """&INDEX(Config!$H$2:$H$3,MATCH($Q12,Config!$H$2:$H$3,0))&""" exactly","Must be one of: eSIM, Physical SIM"))) -> OK | AB12: =IF(IF(OR($T12="",$T12="OK"),"","PhoneNr: "&$T12&" // ")&IF(OR($W12="",$W12="OK"),"","ICC_ID: "&$W12&" // ")&IF(OR($Y12="",$Y12="OK"),"","StartDate: "&$Y12&" // ")&IF(OR($Z12="",$Z12="OK"),"","Status: "&$Z12&" // ")&IF(OR($AA12="",$AA12="OK"),"","SIM Type: "&$AA12&" // ")&IF(OR($X12="",$X12="OK"),"","IMEI: "&$X12&" // ")="","OK",LEFT(IF(OR($T12="",$T12="OK"),"","PhoneNr: "&$T12&" // ")&IF(OR($W12="",$W12="OK"),"","ICC_ID: "&$W12&" // ")&IF(OR($Y12="",$Y12="OK"),"","StartDate: "&$Y12&" // ")&IF(OR($Z12="",$Z12="OK"),"","Status: "&$Z12&" // ")&IF(OR($AA12="",$AA12="OK"),"","SIM Type: "&$AA12&" // ")&IF(OR($X12="",$X12="OK"),"","IMEI: "&$X12&" // "),LEN(IF(OR($T12="",$T12="OK"),"","PhoneNr: "&$T12&" // ")&IF(OR($W12="",$W12="OK"),"","ICC_ID: "&$W12&" // ")&IF(OR($Y12="",$Y12="OK"),"","StartDate: "&$Y12&" // ")&IF(OR($Z12="",$Z12="OK"),"","Status: "&$Z12&" // ")&IF(OR($AA12="",$AA12="OK"),"","SIM Type: "&$AA12&" // ")&IF(OR($X12="",$X12="OK"),"","IMEI: "&$X12&" // "))-6)) -> PhoneNr: WARNING: SIM_Country "Wakanda" is not in tblCountries | AD12: WARNING: country not in tblCountries
A13: Tomas | B13: Varga | C13: +421912345678 | E13: 8935201234567890125 | G13: 15-03-2026 | P13: Active | Q13: eSIM | T13: =IF($C13="","",IF($V13="","No digits at all - enter a phone number",IF(NOT(SUMPRODUCT(--ISNUMBER(--MID($V13,ROW(INDIRECT("1:"&LEN($V13))),1)))=LEN($V13)),"Digits only - no letters or symbols (+ ( ) - . and spaces are tolerated)",IF(LEN($V13)<8,"Too short - "&LEN($V13)&" digits (min 8)",IF(LEN($V13)>15,"Too long - "&LEN($V13)&" digits (max 15)",IF($H13="","WARNING: SIM_Country is empty - cannot check the country code",IF(ISNA(MATCH($H13,tblCountries[Name],0)),"WARNING: SIM_Country """&$H13&""" is not in tblCountries",IF(LEFT($V13,LEN(TEXT(INDEX(tblCountries[DialCode],MATCH($H13,tblCountries[Name],0)),"0")))<>TEXT(INDEX(tblCountries[DialCode],MATCH($H13,tblCountries[Name],0)),"0"),"Wrong country code - must start with +"&TEXT(INDEX(tblCountries[DialCode],MATCH($H13,tblCountries[Name],0)),"0")&" for "&$H13,"OK")))))))) -> WARNING: SIM_Country is empty - cannot check the country code | U13: 352099001760897 | V13: =IF($C13="","",IF(LEFT(SUBSTITUTE(SUBSTITUTE(SUBSTITUTE(SUBSTITUTE(SUBSTITUTE(SUBSTITUTE(SUBSTITUTE(TRIM($C13&""),"+","")," ",""),"-",""),"(",""),")",""),".",""),CHAR(160),""),2)="00",MID(SUBSTITUTE(SUBSTITUTE(SUBSTITUTE(SUBSTITUTE(SUBSTITUTE(SUBSTITUTE(SUBSTITUTE(TRIM($C13&""),"+","")," ",""),"-",""),"(",""),")",""),".",""),CHAR(160),""),3,255),SUBSTITUTE(SUBSTITUTE(SUBSTITUTE(SUBSTITUTE(SUBSTITUTE(SUBSTITUTE(SUBSTITUTE(TRIM($C13&""),"+","")," ",""),"-",""),"(",""),")",""),".",""),CHAR(160),""))) -> 421912345678 | W13: =IF($E13="","",IF(ISNUMBER($E13),"Stored as a NUMBER - every digit past the 15th is already lost. Format the column as Text and re-enter.",IF(NOT(SUMPRODUCT(--ISNUMBER(--MID(TRIM($E13&""),ROW(INDIRECT("1:"&LEN(TRIM($E13&"")))),1)))=LEN(TRIM($E13&""))),"Digits only - no +, -, spaces or any other character",IF(LEFT(TRIM($E13&""),2)<>"89","Must start with 89 (ITU-T E.118 telecom prefix)",IF(LEN(TRIM($E13&""))<18,"Too short - "&LEN(TRIM($E13&""))&" digits (min 18)",IF(LEN(TRIM($E13&""))>22,"Too long - "&LEN(TRIM($E13&""))&" digits (max 22)",IF(NOT(MOD(SUMPRODUCT(MID(TRIM($E13&""),ROW(INDIRECT("1:"&LEN(TRIM($E13&"")))),1)*1*(1+MOD(LEN(TRIM($E13&""))-ROW(INDIRECT("1:"&LEN(TRIM($E13&"")))),2))-MOD(LEN(TRIM($E13&""))-ROW(INDIRECT("1:"&LEN(TRIM($E13&"")))),2)*9*(MID(TRIM($E13&""),ROW(INDIRECT("1:"&LEN(TRIM($E13&"")))),1)*1*2>9)),10)=0),"WARNING: Luhn check digit does not match - likely a typo or a transposition","OK"))))))) -> OK | X13: =IF($U13="","",IF(NOT(SUMPRODUCT(--ISNUMBER(--MID(TRIM($U13&""),ROW(INDIRECT("1:"&LEN(TRIM($U13&"")))),1)))=LEN(TRIM($U13&""))),"Digits only - no +, -, spaces or any other character",IF(LEN(TRIM($U13&""))<>15,"Must be exactly 15 digits - this one has "&LEN(TRIM($U13&"")),IF(NOT(MOD(SUMPRODUCT(MID(TRIM($U13&""),ROW(INDIRECT("1:"&LEN(TRIM($U13&"")))),1)*1*(1+MOD(LEN(TRIM($U13&""))-ROW(INDIRECT("1:"&LEN(TRIM($U13&"")))),2))-MOD(LEN(TRIM($U13&""))-ROW(INDIRECT("1:"&LEN(TRIM($U13&"")))),2)*9*(MID(TRIM($U13&""),ROW(INDIRECT("1:"&LEN(TRIM($U13&"")))),1)*1*2>9)),10)=0),"WARNING: Luhn check digit does not match - likely a typo or a transposition","OK")))) -> OK | Y13: =IF($G13="","",IF(ISNUMBER($G13),IF(OR($G13<DATE(2000,1,1),$G13>TODAY()+730),"WARNING: real date, but outside 2000-01-01 .. today+2y - check the day/month order","OK"),IF(LEN(TRIM($G13&""))<>10,"Must be dd-mm-yyyy - 10 characters, this one has "&LEN(TRIM($G13&"")),IF(AND(NOT(ISERROR(FIND(MID(TRIM($G13&""),5,1),"-/."))),NOT(ISERROR(FIND(MID(TRIM($G13&""),8,1),"-/."))),SUMPRODUCT(--ISNUMBER(--MID(LEFT(TRIM($G13&""),4),ROW(INDIRECT("1:"&LEN(LEFT(TRIM($G13&""),4)))),1)))=LEN(LEFT(TRIM($G13&""),4))),"Looks like yyyy-mm-dd - StartDate must put the DAY first: dd-mm-yyyy",IF(OR(MID(TRIM($G13&""),3,1)<>MID(TRIM($G13&""),6,1),ISERROR(FIND(MID(TRIM($G13&""),3,1),"-/."))),"Separators must be in positions 3 and 6, matching, and be - or / or .",IF(NOT(AND(SUMPRODUCT(--ISNUMBER(--MID(LEFT(TRIM($G13&""),2),ROW(INDIRECT("1:"&LEN(LEFT(TRIM($G13&""),2)))),1)))=LEN(LEFT(TRIM($G13&""),2)),SUMPRODUCT(--ISNUMBER(--MID(MID(TRIM($G13&""),4,2),ROW(INDIRECT("1:"&LEN(MID(TRIM($G13&""),4,2)))),1)))=LEN(MID(TRIM($G13&""),4,2)),SUMPRODUCT(--ISNUMBER(--MID(RIGHT(TRIM($G13&""),4),ROW(INDIRECT("1:"&LEN(RIGHT(TRIM($G13&""),4)))),1)))=LEN(RIGHT(TRIM($G13&""),4)))),"Day, month and year must all be digits",IF(OR(LEFT(TRIM($G13&""),2)*1<1,LEFT(TRIM($G13&""),2)*1>31),"Day out of range - dd-mm-yyyy puts the DAY first",IF(OR(MID(TRIM($G13&""),4,2)*1<1,MID(TRIM($G13&""),4,2)*1>12),"Month out of range - dd-mm-yyyy puts the MONTH second",IF(OR(RIGHT(TRIM($G13&""),4)*1<2000,RIGHT(TRIM($G13&""),4)*1>2100),"Year out of range (2000-2100)",IF(DAY(DATE(RIGHT(TRIM($G13&""),4)*1,MID(TRIM($G13&""),4,2)*1,LEFT(TRIM($G13&""),2)*1))<>LEFT(TRIM($G13&""),2)*1,"Not a real calendar date (e.g. 31-02 or 30-02)","OK")))))))))) -> OK | Z13: =IF($P13="","",IF(SUMPRODUCT(--EXACT($P13,Config!$G$2:$G$4))>0,"OK",IF(NOT(ISNA(MATCH($P13,Config!$G$2:$G$4,0))),"WARNING: wrong capitalisation - should be """&INDEX(Config!$G$2:$G$4,MATCH($P13,Config!$G$2:$G$4,0))&""" exactly","Must be one of: Active, Deactivated, Suspended"))) -> OK | AA13: =IF($Q13="","",IF(SUMPRODUCT(--EXACT($Q13,Config!$H$2:$H$3))>0,"OK",IF(NOT(ISNA(MATCH($Q13,Config!$H$2:$H$3,0))),"WARNING: wrong capitalisation - should be """&INDEX(Config!$H$2:$H$3,MATCH($Q13,Config!$H$2:$H$3,0))&""" exactly","Must be one of: eSIM, Physical SIM"))) -> OK | AB13: =IF(IF(OR($T13="",$T13="OK"),"","PhoneNr: "&$T13&" // ")&IF(OR($W13="",$W13="OK"),"","ICC_ID: "&$W13&" // ")&IF(OR($Y13="",$Y13="OK"),"","StartDate: "&$Y13&" // ")&IF(OR($Z13="",$Z13="OK"),"","Status: "&$Z13&" // ")&IF(OR($AA13="",$AA13="OK"),"","SIM Type: "&$AA13&" // ")&IF(OR($X13="",$X13="OK"),"","IMEI: "&$X13&" // ")="","OK",LEFT(IF(OR($T13="",$T13="OK"),"","PhoneNr: "&$T13&" // ")&IF(OR($W13="",$W13="OK"),"","ICC_ID: "&$W13&" // ")&IF(OR($Y13="",$Y13="OK"),"","StartDate: "&$Y13&" // ")&IF(OR($Z13="",$Z13="OK"),"","Status: "&$Z13&" // ")&IF(OR($AA13="",$AA13="OK"),"","SIM Type: "&$AA13&" // ")&IF(OR($X13="",$X13="OK"),"","IMEI: "&$X13&" // "),LEN(IF(OR($T13="",$T13="OK"),"","PhoneNr: "&$T13&" // ")&IF(OR($W13="",$W13="OK"),"","ICC_ID: "&$W13&" // ")&IF(OR($Y13="",$Y13="OK"),"","StartDate: "&$Y13&" // ")&IF(OR($Z13="",$Z13="OK"),"","Status: "&$Z13&" // ")&IF(OR($AA13="",$AA13="OK"),"","SIM Type: "&$AA13&" // ")&IF(OR($X13="",$X13="OK"),"","IMEI: "&$X13&" // "))-6)) -> PhoneNr: WARNING: SIM_Country is empty - cannot check the country code | AD13: WARNING: SIM_Country empty
A14: Sarah | B14: Bennett | C14: +1-202-555-0143 | E14: 8935201234567890125 | G14: 15-03-2026 | H14: United States | P14: Active | Q14: eSIM | T14: =IF($C14="","",IF($V14="","No digits at all - enter a phone number",IF(NOT(SUMPRODUCT(--ISNUMBER(--MID($V14,ROW(INDIRECT("1:"&LEN($V14))),1)))=LEN($V14)),"Digits only - no letters or symbols (+ ( ) - . and spaces are tolerated)",IF(LEN($V14)<8,"Too short - "&LEN($V14)&" digits (min 8)",IF(LEN($V14)>15,"Too long - "&LEN($V14)&" digits (max 15)",IF($H14="","WARNING: SIM_Country is empty - cannot check the country code",IF(ISNA(MATCH($H14,tblCountries[Name],0)),"WARNING: SIM_Country """&$H14&""" is not in tblCountries",IF(LEFT($V14,LEN(TEXT(INDEX(tblCountries[DialCode],MATCH($H14,tblCountries[Name],0)),"0")))<>TEXT(INDEX(tblCountries[DialCode],MATCH($H14,tblCountries[Name],0)),"0"),"Wrong country code - must start with +"&TEXT(INDEX(tblCountries[DialCode],MATCH($H14,tblCountries[Name],0)),"0")&" for "&$H14,"OK")))))))) -> OK | U14: 352099001760897 | V14: =IF($C14="","",IF(LEFT(SUBSTITUTE(SUBSTITUTE(SUBSTITUTE(SUBSTITUTE(SUBSTITUTE(SUBSTITUTE(SUBSTITUTE(TRIM($C14&""),"+","")," ",""),"-",""),"(",""),")",""),".",""),CHAR(160),""),2)="00",MID(SUBSTITUTE(SUBSTITUTE(SUBSTITUTE(SUBSTITUTE(SUBSTITUTE(SUBSTITUTE(SUBSTITUTE(TRIM($C14&""),"+","")," ",""),"-",""),"(",""),")",""),".",""),CHAR(160),""),3,255),SUBSTITUTE(SUBSTITUTE(SUBSTITUTE(SUBSTITUTE(SUBSTITUTE(SUBSTITUTE(SUBSTITUTE(TRIM($C14&""),"+","")," ",""),"-",""),"(",""),")",""),".",""),CHAR(160),""))) -> 12025550143 | W14: =IF($E14="","",IF(ISNUMBER($E14),"Stored as a NUMBER - every digit past the 15th is already lost. Format the column as Text and re-enter.",IF(NOT(SUMPRODUCT(--ISNUMBER(--MID(TRIM($E14&""),ROW(INDIRECT("1:"&LEN(TRIM($E14&"")))),1)))=LEN(TRIM($E14&""))),"Digits only - no +, -, spaces or any other character",IF(LEFT(TRIM($E14&""),2)<>"89","Must start with 89 (ITU-T E.118 telecom prefix)",IF(LEN(TRIM($E14&""))<18,"Too short - "&LEN(TRIM($E14&""))&" digits (min 18)",IF(LEN(TRIM($E14&""))>22,"Too long - "&LEN(TRIM($E14&""))&" digits (max 22)",IF(NOT(MOD(SUMPRODUCT(MID(TRIM($E14&""),ROW(INDIRECT("1:"&LEN(TRIM($E14&"")))),1)*1*(1+MOD(LEN(TRIM($E14&""))-ROW(INDIRECT("1:"&LEN(TRIM($E14&"")))),2))-MOD(LEN(TRIM($E14&""))-ROW(INDIRECT("1:"&LEN(TRIM($E14&"")))),2)*9*(MID(TRIM($E14&""),ROW(INDIRECT("1:"&LEN(TRIM($E14&"")))),1)*1*2>9)),10)=0),"WARNING: Luhn check digit does not match - likely a typo or a transposition","OK"))))))) -> OK | X14: =IF($U14="","",IF(NOT(SUMPRODUCT(--ISNUMBER(--MID(TRIM($U14&""),ROW(INDIRECT("1:"&LEN(TRIM($U14&"")))),1)))=LEN(TRIM($U14&""))),"Digits only - no +, -, spaces or any other character",IF(LEN(TRIM($U14&""))<>15,"Must be exactly 15 digits - this one has "&LEN(TRIM($U14&"")),IF(NOT(MOD(SUMPRODUCT(MID(TRIM($U14&""),ROW(INDIRECT("1:"&LEN(TRIM($U14&"")))),1)*1*(1+MOD(LEN(TRIM($U14&""))-ROW(INDIRECT("1:"&LEN(TRIM($U14&"")))),2))-MOD(LEN(TRIM($U14&""))-ROW(INDIRECT("1:"&LEN(TRIM($U14&"")))),2)*9*(MID(TRIM($U14&""),ROW(INDIRECT("1:"&LEN(TRIM($U14&"")))),1)*1*2>9)),10)=0),"WARNING: Luhn check digit does not match - likely a typo or a transposition","OK")))) -> OK | Y14: =IF($G14="","",IF(ISNUMBER($G14),IF(OR($G14<DATE(2000,1,1),$G14>TODAY()+730),"WARNING: real date, but outside 2000-01-01 .. today+2y - check the day/month order","OK"),IF(LEN(TRIM($G14&""))<>10,"Must be dd-mm-yyyy - 10 characters, this one has "&LEN(TRIM($G14&"")),IF(AND(NOT(ISERROR(FIND(MID(TRIM($G14&""),5,1),"-/."))),NOT(ISERROR(FIND(MID(TRIM($G14&""),8,1),"-/."))),SUMPRODUCT(--ISNUMBER(--MID(LEFT(TRIM($G14&""),4),ROW(INDIRECT("1:"&LEN(LEFT(TRIM($G14&""),4)))),1)))=LEN(LEFT(TRIM($G14&""),4))),"Looks like yyyy-mm-dd - StartDate must put the DAY first: dd-mm-yyyy",IF(OR(MID(TRIM($G14&""),3,1)<>MID(TRIM($G14&""),6,1),ISERROR(FIND(MID(TRIM($G14&""),3,1),"-/."))),"Separators must be in positions 3 and 6, matching, and be - or / or .",IF(NOT(AND(SUMPRODUCT(--ISNUMBER(--MID(LEFT(TRIM($G14&""),2),ROW(INDIRECT("1:"&LEN(LEFT(TRIM($G14&""),2)))),1)))=LEN(LEFT(TRIM($G14&""),2)),SUMPRODUCT(--ISNUMBER(--MID(MID(TRIM($G14&""),4,2),ROW(INDIRECT("1:"&LEN(MID(TRIM($G14&""),4,2)))),1)))=LEN(MID(TRIM($G14&""),4,2)),SUMPRODUCT(--ISNUMBER(--MID(RIGHT(TRIM($G14&""),4),ROW(INDIRECT("1:"&LEN(RIGHT(TRIM($G14&""),4)))),1)))=LEN(RIGHT(TRIM($G14&""),4)))),"Day, month and year must all be digits",IF(OR(LEFT(TRIM($G14&""),2)*1<1,LEFT(TRIM($G14&""),2)*1>31),"Day out of range - dd-mm-yyyy puts the DAY first",IF(OR(MID(TRIM($G14&""),4,2)*1<1,MID(TRIM($G14&""),4,2)*1>12),"Month out of range - dd-mm-yyyy puts the MONTH second",IF(OR(RIGHT(TRIM($G14&""),4)*1<2000,RIGHT(TRIM($G14&""),4)*1>2100),"Year out of range (2000-2100)",IF(DAY(DATE(RIGHT(TRIM($G14&""),4)*1,MID(TRIM($G14&""),4,2)*1,LEFT(TRIM($G14&""),2)*1))<>LEFT(TRIM($G14&""),2)*1,"Not a real calendar date (e.g. 31-02 or 30-02)","OK")))))))))) -> OK | Z14: =IF($P14="","",IF(SUMPRODUCT(--EXACT($P14,Config!$G$2:$G$4))>0,"OK",IF(NOT(ISNA(MATCH($P14,Config!$G$2:$G$4,0))),"WARNING: wrong capitalisation - should be """&INDEX(Config!$G$2:$G$4,MATCH($P14,Config!$G$2:$G$4,0))&""" exactly","Must be one of: Active, Deactivated, Suspended"))) -> OK | AA14: =IF($Q14="","",IF(SUMPRODUCT(--EXACT($Q14,Config!$H$2:$H$3))>0,"OK",IF(NOT(ISNA(MATCH($Q14,Config!$H$2:$H$3,0))),"WARNING: wrong capitalisation - should be """&INDEX(Config!$H$2:$H$3,MATCH($Q14,Config!$H$2:$H$3,0))&""" exactly","Must be one of: eSIM, Physical SIM"))) -> OK | AB14: =IF(IF(OR($T14="",$T14="OK"),"","PhoneNr: "&$T14&" // ")&IF(OR($W14="",$W14="OK"),"","ICC_ID: "&$W14&" // ")&IF(OR($Y14="",$Y14="OK"),"","StartDate: "&$Y14&" // ")&IF(OR($Z14="",$Z14="OK"),"","Status: "&$Z14&" // ")&IF(OR($AA14="",$AA14="OK"),"","SIM Type: "&$AA14&" // ")&IF(OR($X14="",$X14="OK"),"","IMEI: "&$X14&" // ")="","OK",LEFT(IF(OR($T14="",$T14="OK"),"","PhoneNr: "&$T14&" // ")&IF(OR($W14="",$W14="OK"),"","ICC_ID: "&$W14&" // ")&IF(OR($Y14="",$Y14="OK"),"","StartDate: "&$Y14&" // ")&IF(OR($Z14="",$Z14="OK"),"","Status: "&$Z14&" // ")&IF(OR($AA14="",$AA14="OK"),"","SIM Type: "&$AA14&" // ")&IF(OR($X14="",$X14="OK"),"","IMEI: "&$X14&" // "),LEN(IF(OR($T14="",$T14="OK"),"","PhoneNr: "&$T14&" // ")&IF(OR($W14="",$W14="OK"),"","ICC_ID: "&$W14&" // ")&IF(OR($Y14="",$Y14="OK"),"","StartDate: "&$Y14&" // ")&IF(OR($Z14="",$Z14="OK"),"","Status: "&$Z14&" // ")&IF(OR($AA14="",$AA14="OK"),"","SIM Type: "&$AA14&" // ")&IF(OR($X14="",$X14="OK"),"","IMEI: "&$X14&" // "))-6)) -> OK | AD14: PhoneNr: valid, dots/dashes stripped
A15: Kenji | B15: Tanaka | C15: +81 90 1234 5678 | E15: 8935201234567890125 | G15: 15-03-2026 | H15: Japan | P15: Active | Q15: eSIM | T15: =IF($C15="","",IF($V15="","No digits at all - enter a phone number",IF(NOT(SUMPRODUCT(--ISNUMBER(--MID($V15,ROW(INDIRECT("1:"&LEN($V15))),1)))=LEN($V15)),"Digits only - no letters or symbols (+ ( ) - . and spaces are tolerated)",IF(LEN($V15)<8,"Too short - "&LEN($V15)&" digits (min 8)",IF(LEN($V15)>15,"Too long - "&LEN($V15)&" digits (max 15)",IF($H15="","WARNING: SIM_Country is empty - cannot check the country code",IF(ISNA(MATCH($H15,tblCountries[Name],0)),"WARNING: SIM_Country """&$H15&""" is not in tblCountries",IF(LEFT($V15,LEN(TEXT(INDEX(tblCountries[DialCode],MATCH($H15,tblCountries[Name],0)),"0")))<>TEXT(INDEX(tblCountries[DialCode],MATCH($H15,tblCountries[Name],0)),"0"),"Wrong country code - must start with +"&TEXT(INDEX(tblCountries[DialCode],MATCH($H15,tblCountries[Name],0)),"0")&" for "&$H15,"OK")))))))) -> OK | U15: 352099001760897 | V15: =IF($C15="","",IF(LEFT(SUBSTITUTE(SUBSTITUTE(SUBSTITUTE(SUBSTITUTE(SUBSTITUTE(SUBSTITUTE(SUBSTITUTE(TRIM($C15&""),"+","")," ",""),"-",""),"(",""),")",""),".",""),CHAR(160),""),2)="00",MID(SUBSTITUTE(SUBSTITUTE(SUBSTITUTE(SUBSTITUTE(SUBSTITUTE(SUBSTITUTE(SUBSTITUTE(TRIM($C15&""),"+","")," ",""),"-",""),"(",""),")",""),".",""),CHAR(160),""),3,255),SUBSTITUTE(SUBSTITUTE(SUBSTITUTE(SUBSTITUTE(SUBSTITUTE(SUBSTITUTE(SUBSTITUTE(TRIM($C15&""),"+","")," ",""),"-",""),"(",""),")",""),".",""),CHAR(160),""))) -> 819012345678 | W15: =IF($E15="","",IF(ISNUMBER($E15),"Stored as a NUMBER - every digit past the 15th is already lost. Format the column as Text and re-enter.",IF(NOT(SUMPRODUCT(--ISNUMBER(--MID(TRIM($E15&""),ROW(INDIRECT("1:"&LEN(TRIM($E15&"")))),1)))=LEN(TRIM($E15&""))),"Digits only - no +, -, spaces or any other character",IF(LEFT(TRIM($E15&""),2)<>"89","Must start with 89 (ITU-T E.118 telecom prefix)",IF(LEN(TRIM($E15&""))<18,"Too short - "&LEN(TRIM($E15&""))&" digits (min 18)",IF(LEN(TRIM($E15&""))>22,"Too long - "&LEN(TRIM($E15&""))&" digits (max 22)",IF(NOT(MOD(SUMPRODUCT(MID(TRIM($E15&""),ROW(INDIRECT("1:"&LEN(TRIM($E15&"")))),1)*1*(1+MOD(LEN(TRIM($E15&""))-ROW(INDIRECT("1:"&LEN(TRIM($E15&"")))),2))-MOD(LEN(TRIM($E15&""))-ROW(INDIRECT("1:"&LEN(TRIM($E15&"")))),2)*9*(MID(TRIM($E15&""),ROW(INDIRECT("1:"&LEN(TRIM($E15&"")))),1)*1*2>9)),10)=0),"WARNING: Luhn check digit does not match - likely a typo or a transposition","OK"))))))) -> OK | X15: =IF($U15="","",IF(NOT(SUMPRODUCT(--ISNUMBER(--MID(TRIM($U15&""),ROW(INDIRECT("1:"&LEN(TRIM($U15&"")))),1)))=LEN(TRIM($U15&""))),"Digits only - no +, -, spaces or any other character",IF(LEN(TRIM($U15&""))<>15,"Must be exactly 15 digits - this one has "&LEN(TRIM($U15&"")),IF(NOT(MOD(SUMPRODUCT(MID(TRIM($U15&""),ROW(INDIRECT("1:"&LEN(TRIM($U15&"")))),1)*1*(1+MOD(LEN(TRIM($U15&""))-ROW(INDIRECT("1:"&LEN(TRIM($U15&"")))),2))-MOD(LEN(TRIM($U15&""))-ROW(INDIRECT("1:"&LEN(TRIM($U15&"")))),2)*9*(MID(TRIM($U15&""),ROW(INDIRECT("1:"&LEN(TRIM($U15&"")))),1)*1*2>9)),10)=0),"WARNING: Luhn check digit does not match - likely a typo or a transposition","OK")))) -> OK | Y15: =IF($G15="","",IF(ISNUMBER($G15),IF(OR($G15<DATE(2000,1,1),$G15>TODAY()+730),"WARNING: real date, but outside 2000-01-01 .. today+2y - check the day/month order","OK"),IF(LEN(TRIM($G15&""))<>10,"Must be dd-mm-yyyy - 10 characters, this one has "&LEN(TRIM($G15&"")),IF(AND(NOT(ISERROR(FIND(MID(TRIM($G15&""),5,1),"-/."))),NOT(ISERROR(FIND(MID(TRIM($G15&""),8,1),"-/."))),SUMPRODUCT(--ISNUMBER(--MID(LEFT(TRIM($G15&""),4),ROW(INDIRECT("1:"&LEN(LEFT(TRIM($G15&""),4)))),1)))=LEN(LEFT(TRIM($G15&""),4))),"Looks like yyyy-mm-dd - StartDate must put the DAY first: dd-mm-yyyy",IF(OR(MID(TRIM($G15&""),3,1)<>MID(TRIM($G15&""),6,1),ISERROR(FIND(MID(TRIM($G15&""),3,1),"-/."))),"Separators must be in positions 3 and 6, matching, and be - or / or .",IF(NOT(AND(SUMPRODUCT(--ISNUMBER(--MID(LEFT(TRIM($G15&""),2),ROW(INDIRECT("1:"&LEN(LEFT(TRIM($G15&""),2)))),1)))=LEN(LEFT(TRIM($G15&""),2)),SUMPRODUCT(--ISNUMBER(--MID(MID(TRIM($G15&""),4,2),ROW(INDIRECT("1:"&LEN(MID(TRIM($G15&""),4,2)))),1)))=LEN(MID(TRIM($G15&""),4,2)),SUMPRODUCT(--ISNUMBER(--MID(RIGHT(TRIM($G15&""),4),ROW(INDIRECT("1:"&LEN(RIGHT(TRIM($G15&""),4)))),1)))=LEN(RIGHT(TRIM($G15&""),4)))),"Day, month and year must all be digits",IF(OR(LEFT(TRIM($G15&""),2)*1<1,LEFT(TRIM($G15&""),2)*1>31),"Day out of range - dd-mm-yyyy puts the DAY first",IF(OR(MID(TRIM($G15&""),4,2)*1<1,MID(TRIM($G15&""),4,2)*1>12),"Month out of range - dd-mm-yyyy puts the MONTH second",IF(OR(RIGHT(TRIM($G15&""),4)*1<2000,RIGHT(TRIM($G15&""),4)*1>2100),"Year out of range (2000-2100)",IF(DAY(DATE(RIGHT(TRIM($G15&""),4)*1,MID(TRIM($G15&""),4,2)*1,LEFT(TRIM($G15&""),2)*1))<>LEFT(TRIM($G15&""),2)*1,"Not a real calendar date (e.g. 31-02 or 30-02)","OK")))))))))) -> OK | Z15: =IF($P15="","",IF(SUMPRODUCT(--EXACT($P15,Config!$G$2:$G$4))>0,"OK",IF(NOT(ISNA(MATCH($P15,Config!$G$2:$G$4,0))),"WARNING: wrong capitalisation - should be """&INDEX(Config!$G$2:$G$4,MATCH($P15,Config!$G$2:$G$4,0))&""" exactly","Must be one of: Active, Deactivated, Suspended"))) -> OK | AA15: =IF($Q15="","",IF(SUMPRODUCT(--EXACT($Q15,Config!$H$2:$H$3))>0,"OK",IF(NOT(ISNA(MATCH($Q15,Config!$H$2:$H$3,0))),"WARNING: wrong capitalisation - should be """&INDEX(Config!$H$2:$H$3,MATCH($Q15,Config!$H$2:$H$3,0))&""" exactly","Must be one of: eSIM, Physical SIM"))) -> OK | AB15: =IF(IF(OR($T15="",$T15="OK"),"","PhoneNr: "&$T15&" // ")&IF(OR($W15="",$W15="OK"),"","ICC_ID: "&$W15&" // ")&IF(OR($Y15="",$Y15="OK"),"","StartDate: "&$Y15&" // ")&IF(OR($Z15="",$Z15="OK"),"","Status: "&$Z15&" // ")&IF(OR($AA15="",$AA15="OK"),"","SIM Type: "&$AA15&" // ")&IF(OR($X15="",$X15="OK"),"","IMEI: "&$X15&" // ")="","OK",LEFT(IF(OR($T15="",$T15="OK"),"","PhoneNr: "&$T15&" // ")&IF(OR($W15="",$W15="OK"),"","ICC_ID: "&$W15&" // ")&IF(OR($Y15="",$Y15="OK"),"","StartDate: "&$Y15&" // ")&IF(OR($Z15="",$Z15="OK"),"","Status: "&$Z15&" // ")&IF(OR($AA15="",$AA15="OK"),"","SIM Type: "&$AA15&" // ")&IF(OR($X15="",$X15="OK"),"","IMEI: "&$X15&" // "),LEN(IF(OR($T15="",$T15="OK"),"","PhoneNr: "&$T15&" // ")&IF(OR($W15="",$W15="OK"),"","ICC_ID: "&$W15&" // ")&IF(OR($Y15="",$Y15="OK"),"","StartDate: "&$Y15&" // ")&IF(OR($Z15="",$Z15="OK"),"","Status: "&$Z15&" // ")&IF(OR($AA15="",$AA15="OK"),"","SIM Type: "&$AA15&" // ")&IF(OR($X15="",$X15="OK"),"","IMEI: "&$X15&" // "))-6)) -> OK | AD15: PhoneNr: valid
A16: Ingrid | B16: Larsen | C16: 004791234567 | E16: 8935201234567890125 | G16: 15-03-2026 | H16: Norway | P16: Active | Q16: eSIM | T16: =IF($C16="","",IF($V16="","No digits at all - enter a phone number",IF(NOT(SUMPRODUCT(--ISNUMBER(--MID($V16,ROW(INDIRECT("1:"&LEN($V16))),1)))=LEN($V16)),"Digits only - no letters or symbols (+ ( ) - . and spaces are tolerated)",IF(LEN($V16)<8,"Too short - "&LEN($V16)&" digits (min 8)",IF(LEN($V16)>15,"Too long - "&LEN($V16)&" digits (max 15)",IF($H16="","WARNING: SIM_Country is empty - cannot check the country code",IF(ISNA(MATCH($H16,tblCountries[Name],0)),"WARNING: SIM_Country """&$H16&""" is not in tblCountries",IF(LEFT($V16,LEN(TEXT(INDEX(tblCountries[DialCode],MATCH($H16,tblCountries[Name],0)),"0")))<>TEXT(INDEX(tblCountries[DialCode],MATCH($H16,tblCountries[Name],0)),"0"),"Wrong country code - must start with +"&TEXT(INDEX(tblCountries[DialCode],MATCH($H16,tblCountries[Name],0)),"0")&" for "&$H16,"OK")))))))) -> OK | U16: 352099001760897 | V16: =IF($C16="","",IF(LEFT(SUBSTITUTE(SUBSTITUTE(SUBSTITUTE(SUBSTITUTE(SUBSTITUTE(SUBSTITUTE(SUBSTITUTE(TRIM($C16&""),"+","")," ",""),"-",""),"(",""),")",""),".",""),CHAR(160),""),2)="00",MID(SUBSTITUTE(SUBSTITUTE(SUBSTITUTE(SUBSTITUTE(SUBSTITUTE(SUBSTITUTE(SUBSTITUTE(TRIM($C16&""),"+","")," ",""),"-",""),"(",""),")",""),".",""),CHAR(160),""),3,255),SUBSTITUTE(SUBSTITUTE(SUBSTITUTE(SUBSTITUTE(SUBSTITUTE(SUBSTITUTE(SUBSTITUTE(TRIM($C16&""),"+","")," ",""),"-",""),"(",""),")",""),".",""),CHAR(160),""))) -> 4791234567 | W16: =IF($E16="","",IF(ISNUMBER($E16),"Stored as a NUMBER - every digit past the 15th is already lost. Format the column as Text and re-enter.",IF(NOT(SUMPRODUCT(--ISNUMBER(--MID(TRIM($E16&""),ROW(INDIRECT("1:"&LEN(TRIM($E16&"")))),1)))=LEN(TRIM($E16&""))),"Digits only - no +, -, spaces or any other character",IF(LEFT(TRIM($E16&""),2)<>"89","Must start with 89 (ITU-T E.118 telecom prefix)",IF(LEN(TRIM($E16&""))<18,"Too short - "&LEN(TRIM($E16&""))&" digits (min 18)",IF(LEN(TRIM($E16&""))>22,"Too long - "&LEN(TRIM($E16&""))&" digits (max 22)",IF(NOT(MOD(SUMPRODUCT(MID(TRIM($E16&""),ROW(INDIRECT("1:"&LEN(TRIM($E16&"")))),1)*1*(1+MOD(LEN(TRIM($E16&""))-ROW(INDIRECT("1:"&LEN(TRIM($E16&"")))),2))-MOD(LEN(TRIM($E16&""))-ROW(INDIRECT("1:"&LEN(TRIM($E16&"")))),2)*9*(MID(TRIM($E16&""),ROW(INDIRECT("1:"&LEN(TRIM($E16&"")))),1)*1*2>9)),10)=0),"WARNING: Luhn check digit does not match - likely a typo or a transposition","OK"))))))) -> OK | X16: =IF($U16="","",IF(NOT(SUMPRODUCT(--ISNUMBER(--MID(TRIM($U16&""),ROW(INDIRECT("1:"&LEN(TRIM($U16&"")))),1)))=LEN(TRIM($U16&""))),"Digits only - no +, -, spaces or any other character",IF(LEN(TRIM($U16&""))<>15,"Must be exactly 15 digits - this one has "&LEN(TRIM($U16&"")),IF(NOT(MOD(SUMPRODUCT(MID(TRIM($U16&""),ROW(INDIRECT("1:"&LEN(TRIM($U16&"")))),1)*1*(1+MOD(LEN(TRIM($U16&""))-ROW(INDIRECT("1:"&LEN(TRIM($U16&"")))),2))-MOD(LEN(TRIM($U16&""))-ROW(INDIRECT("1:"&LEN(TRIM($U16&"")))),2)*9*(MID(TRIM($U16&""),ROW(INDIRECT("1:"&LEN(TRIM($U16&"")))),1)*1*2>9)),10)=0),"WARNING: Luhn check digit does not match - likely a typo or a transposition","OK")))) -> OK | Y16: =IF($G16="","",IF(ISNUMBER($G16),IF(OR($G16<DATE(2000,1,1),$G16>TODAY()+730),"WARNING: real date, but outside 2000-01-01 .. today+2y - check the day/month order","OK"),IF(LEN(TRIM($G16&""))<>10,"Must be dd-mm-yyyy - 10 characters, this one has "&LEN(TRIM($G16&"")),IF(AND(NOT(ISERROR(FIND(MID(TRIM($G16&""),5,1),"-/."))),NOT(ISERROR(FIND(MID(TRIM($G16&""),8,1),"-/."))),SUMPRODUCT(--ISNUMBER(--MID(LEFT(TRIM($G16&""),4),ROW(INDIRECT("1:"&LEN(LEFT(TRIM($G16&""),4)))),1)))=LEN(LEFT(TRIM($G16&""),4))),"Looks like yyyy-mm-dd - StartDate must put the DAY first: dd-mm-yyyy",IF(OR(MID(TRIM($G16&""),3,1)<>MID(TRIM($G16&""),6,1),ISERROR(FIND(MID(TRIM($G16&""),3,1),"-/."))),"Separators must be in positions 3 and 6, matching, and be - or / or .",IF(NOT(AND(SUMPRODUCT(--ISNUMBER(--MID(LEFT(TRIM($G16&""),2),ROW(INDIRECT("1:"&LEN(LEFT(TRIM($G16&""),2)))),1)))=LEN(LEFT(TRIM($G16&""),2)),SUMPRODUCT(--ISNUMBER(--MID(MID(TRIM($G16&""),4,2),ROW(INDIRECT("1:"&LEN(MID(TRIM($G16&""),4,2)))),1)))=LEN(MID(TRIM($G16&""),4,2)),SUMPRODUCT(--ISNUMBER(--MID(RIGHT(TRIM($G16&""),4),ROW(INDIRECT("1:"&LEN(RIGHT(TRIM($G16&""),4)))),1)))=LEN(RIGHT(TRIM($G16&""),4)))),"Day, month and year must all be digits",IF(OR(LEFT(TRIM($G16&""),2)*1<1,LEFT(TRIM($G16&""),2)*1>31),"Day out of range - dd-mm-yyyy puts the DAY first",IF(OR(MID(TRIM($G16&""),4,2)*1<1,MID(TRIM($G16&""),4,2)*1>12),"Month out of range - dd-mm-yyyy puts the MONTH second",IF(OR(RIGHT(TRIM($G16&""),4)*1<2000,RIGHT(TRIM($G16&""),4)*1>2100),"Year out of range (2000-2100)",IF(DAY(DATE(RIGHT(TRIM($G16&""),4)*1,MID(TRIM($G16&""),4,2)*1,LEFT(TRIM($G16&""),2)*1))<>LEFT(TRIM($G16&""),2)*1,"Not a real calendar date (e.g. 31-02 or 30-02)","OK")))))))))) -> OK | Z16: =IF($P16="","",IF(SUMPRODUCT(--EXACT($P16,Config!$G$2:$G$4))>0,"OK",IF(NOT(ISNA(MATCH($P16,Config!$G$2:$G$4,0))),"WARNING: wrong capitalisation - should be """&INDEX(Config!$G$2:$G$4,MATCH($P16,Config!$G$2:$G$4,0))&""" exactly","Must be one of: Active, Deactivated, Suspended"))) -> OK | AA16: =IF($Q16="","",IF(SUMPRODUCT(--EXACT($Q16,Config!$H$2:$H$3))>0,"OK",IF(NOT(ISNA(MATCH($Q16,Config!$H$2:$H$3,0))),"WARNING: wrong capitalisation - should be """&INDEX(Config!$H$2:$H$3,MATCH($Q16,Config!$H$2:$H$3,0))&""" exactly","Must be one of: eSIM, Physical SIM"))) -> OK | AB16: =IF(IF(OR($T16="",$T16="OK"),"","PhoneNr: "&$T16&" // ")&IF(OR($W16="",$W16="OK"),"","ICC_ID: "&$W16&" // ")&IF(OR($Y16="",$Y16="OK"),"","StartDate: "&$Y16&" // ")&IF(OR($Z16="",$Z16="OK"),"","Status: "&$Z16&" // ")&IF(OR($AA16="",$AA16="OK"),"","SIM Type: "&$AA16&" // ")&IF(OR($X16="",$X16="OK"),"","IMEI: "&$X16&" // ")="","OK",LEFT(IF(OR($T16="",$T16="OK"),"","PhoneNr: "&$T16&" // ")&IF(OR($W16="",$W16="OK"),"","ICC_ID: "&$W16&" // ")&IF(OR($Y16="",$Y16="OK"),"","StartDate: "&$Y16&" // ")&IF(OR($Z16="",$Z16="OK"),"","Status: "&$Z16&" // ")&IF(OR($AA16="",$AA16="OK"),"","SIM Type: "&$AA16&" // ")&IF(OR($X16="",$X16="OK"),"","IMEI: "&$X16&" // "),LEN(IF(OR($T16="",$T16="OK"),"","PhoneNr: "&$T16&" // ")&IF(OR($W16="",$W16="OK"),"","ICC_ID: "&$W16&" // ")&IF(OR($Y16="",$Y16="OK"),"","StartDate: "&$Y16&" // ")&IF(OR($Z16="",$Z16="OK"),"","Status: "&$Z16&" // ")&IF(OR($AA16="",$AA16="OK"),"","SIM Type: "&$AA16&" // ")&IF(OR($X16="",$X16="OK"),"","IMEI: "&$X16&" // "))-6)) -> OK | AD16: PhoneNr: valid, 00 prefix converted
A17: Petra | B17: Novak | C17: +420601234567 | E17: 8935201234567 | G17: 15-03-2026 | H17: Czechia | P17: Active | Q17: eSIM | T17: =IF($C17="","",IF($V17="","No digits at all - enter a phone number",IF(NOT(SUMPRODUCT(--ISNUMBER(--MID($V17,ROW(INDIRECT("1:"&LEN($V17))),1)))=LEN($V17)),"Digits only - no letters or symbols (+ ( ) - . and spaces are tolerated)",IF(LEN($V17)<8,"Too short - "&LEN($V17)&" digits (min 8)",IF(LEN($V17)>15,"Too long - "&LEN($V17)&" digits (max 15)",IF($H17="","WARNING: SIM_Country is empty - cannot check the country code",IF(ISNA(MATCH($H17,tblCountries[Name],0)),"WARNING: SIM_Country """&$H17&""" is not in tblCountries",IF(LEFT($V17,LEN(TEXT(INDEX(tblCountries[DialCode],MATCH($H17,tblCountries[Name],0)),"0")))<>TEXT(INDEX(tblCountries[DialCode],MATCH($H17,tblCountries[Name],0)),"0"),"Wrong country code - must start with +"&TEXT(INDEX(tblCountries[DialCode],MATCH($H17,tblCountries[Name],0)),"0")&" for "&$H17,"OK")))))))) -> OK | U17: 352099001760897 | V17: =IF($C17="","",IF(LEFT(SUBSTITUTE(SUBSTITUTE(SUBSTITUTE(SUBSTITUTE(SUBSTITUTE(SUBSTITUTE(SUBSTITUTE(TRIM($C17&""),"+","")," ",""),"-",""),"(",""),")",""),".",""),CHAR(160),""),2)="00",MID(SUBSTITUTE(SUBSTITUTE(SUBSTITUTE(SUBSTITUTE(SUBSTITUTE(SUBSTITUTE(SUBSTITUTE(TRIM($C17&""),"+","")," ",""),"-",""),"(",""),")",""),".",""),CHAR(160),""),3,255),SUBSTITUTE(SUBSTITUTE(SUBSTITUTE(SUBSTITUTE(SUBSTITUTE(SUBSTITUTE(SUBSTITUTE(TRIM($C17&""),"+","")," ",""),"-",""),"(",""),")",""),".",""),CHAR(160),""))) -> 420601234567 | W17: =IF($E17="","",IF(ISNUMBER($E17),"Stored as a NUMBER - every digit past the 15th is already lost. Format the column as Text and re-enter.",IF(NOT(SUMPRODUCT(--ISNUMBER(--MID(TRIM($E17&""),ROW(INDIRECT("1:"&LEN(TRIM($E17&"")))),1)))=LEN(TRIM($E17&""))),"Digits only - no +, -, spaces or any other character",IF(LEFT(TRIM($E17&""),2)<>"89","Must start with 89 (ITU-T E.118 telecom prefix)",IF(LEN(TRIM($E17&""))<18,"Too short - "&LEN(TRIM($E17&""))&" digits (min 18)",IF(LEN(TRIM($E17&""))>22,"Too long - "&LEN(TRIM($E17&""))&" digits (max 22)",IF(NOT(MOD(SUMPRODUCT(MID(TRIM($E17&""),ROW(INDIRECT("1:"&LEN(TRIM($E17&"")))),1)*1*(1+MOD(LEN(TRIM($E17&""))-ROW(INDIRECT("1:"&LEN(TRIM($E17&"")))),2))-MOD(LEN(TRIM($E17&""))-ROW(INDIRECT("1:"&LEN(TRIM($E17&"")))),2)*9*(MID(TRIM($E17&""),ROW(INDIRECT("1:"&LEN(TRIM($E17&"")))),1)*1*2>9)),10)=0),"WARNING: Luhn check digit does not match - likely a typo or a transposition","OK"))))))) -> Too short - 13 digits (min 18) | X17: =IF($U17="","",IF(NOT(SUMPRODUCT(--ISNUMBER(--MID(TRIM($U17&""),ROW(INDIRECT("1:"&LEN(TRIM($U17&"")))),1)))=LEN(TRIM($U17&""))),"Digits only - no +, -, spaces or any other character",IF(LEN(TRIM($U17&""))<>15,"Must be exactly 15 digits - this one has "&LEN(TRIM($U17&"")),IF(NOT(MOD(SUMPRODUCT(MID(TRIM($U17&""),ROW(INDIRECT("1:"&LEN(TRIM($U17&"")))),1)*1*(1+MOD(LEN(TRIM($U17&""))-ROW(INDIRECT("1:"&LEN(TRIM($U17&"")))),2))-MOD(LEN(TRIM($U17&""))-ROW(INDIRECT("1:"&LEN(TRIM($U17&"")))),2)*9*(MID(TRIM($U17&""),ROW(INDIRECT("1:"&LEN(TRIM($U17&"")))),1)*1*2>9)),10)=0),"WARNING: Luhn check digit does not match - likely a typo or a transposition","OK")))) -> OK | Y17: =IF($G17="","",IF(ISNUMBER($G17),IF(OR($G17<DATE(2000,1,1),$G17>TODAY()+730),"WARNING: real date, but outside 2000-01-01 .. today+2y - check the day/month order","OK"),IF(LEN(TRIM($G17&""))<>10,"Must be dd-mm-yyyy - 10 characters, this one has "&LEN(TRIM($G17&"")),IF(AND(NOT(ISERROR(FIND(MID(TRIM($G17&""),5,1),"-/."))),NOT(ISERROR(FIND(MID(TRIM($G17&""),8,1),"-/."))),SUMPRODUCT(--ISNUMBER(--MID(LEFT(TRIM($G17&""),4),ROW(INDIRECT("1:"&LEN(LEFT(TRIM($G17&""),4)))),1)))=LEN(LEFT(TRIM($G17&""),4))),"Looks like yyyy-mm-dd - StartDate must put the DAY first: dd-mm-yyyy",IF(OR(MID(TRIM($G17&""),3,1)<>MID(TRIM($G17&""),6,1),ISERROR(FIND(MID(TRIM($G17&""),3,1),"-/."))),"Separators must be in positions 3 and 6, matching, and be - or / or .",IF(NOT(AND(SUMPRODUCT(--ISNUMBER(--MID(LEFT(TRIM($G17&""),2),ROW(INDIRECT("1:"&LEN(LEFT(TRIM($G17&""),2)))),1)))=LEN(LEFT(TRIM($G17&""),2)),SUMPRODUCT(--ISNUMBER(--MID(MID(TRIM($G17&""),4,2),ROW(INDIRECT("1:"&LEN(MID(TRIM($G17&""),4,2)))),1)))=LEN(MID(TRIM($G17&""),4,2)),SUMPRODUCT(--ISNUMBER(--MID(RIGHT(TRIM($G17&""),4),ROW(INDIRECT("1:"&LEN(RIGHT(TRIM($G17&""),4)))),1)))=LEN(RIGHT(TRIM($G17&""),4)))),"Day, month and year must all be digits",IF(OR(LEFT(TRIM($G17&""),2)*1<1,LEFT(TRIM($G17&""),2)*1>31),"Day out of range - dd-mm-yyyy puts the DAY first",IF(OR(MID(TRIM($G17&""),4,2)*1<1,MID(TRIM($G17&""),4,2)*1>12),"Month out of range - dd-mm-yyyy puts the MONTH second",IF(OR(RIGHT(TRIM($G17&""),4)*1<2000,RIGHT(TRIM($G17&""),4)*1>2100),"Year out of range (2000-2100)",IF(DAY(DATE(RIGHT(TRIM($G17&""),4)*1,MID(TRIM($G17&""),4,2)*1,LEFT(TRIM($G17&""),2)*1))<>LEFT(TRIM($G17&""),2)*1,"Not a real calendar date (e.g. 31-02 or 30-02)","OK")))))))))) -> OK | Z17: =IF($P17="","",IF(SUMPRODUCT(--EXACT($P17,Config!$G$2:$G$4))>0,"OK",IF(NOT(ISNA(MATCH($P17,Config!$G$2:$G$4,0))),"WARNING: wrong capitalisation - should be """&INDEX(Config!$G$2:$G$4,MATCH($P17,Config!$G$2:$G$4,0))&""" exactly","Must be one of: Active, Deactivated, Suspended"))) -> OK | AA17: =IF($Q17="","",IF(SUMPRODUCT(--EXACT($Q17,Config!$H$2:$H$3))>0,"OK",IF(NOT(ISNA(MATCH($Q17,Config!$H$2:$H$3,0))),"WARNING: wrong capitalisation - should be """&INDEX(Config!$H$2:$H$3,MATCH($Q17,Config!$H$2:$H$3,0))&""" exactly","Must be one of: eSIM, Physical SIM"))) -> OK | AB17: =IF(IF(OR($T17="",$T17="OK"),"","PhoneNr: "&$T17&" // ")&IF(OR($W17="",$W17="OK"),"","ICC_ID: "&$W17&" // ")&IF(OR($Y17="",$Y17="OK"),"","StartDate: "&$Y17&" // ")&IF(OR($Z17="",$Z17="OK"),"","Status: "&$Z17&" // ")&IF(OR($AA17="",$AA17="OK"),"","SIM Type: "&$AA17&" // ")&IF(OR($X17="",$X17="OK"),"","IMEI: "&$X17&" // ")="","OK",LEFT(IF(OR($T17="",$T17="OK"),"","PhoneNr: "&$T17&" // ")&IF(OR($W17="",$W17="OK"),"","ICC_ID: "&$W17&" // ")&IF(OR($Y17="",$Y17="OK"),"","StartDate: "&$Y17&" // ")&IF(OR($Z17="",$Z17="OK"),"","Status: "&$Z17&" // ")&IF(OR($AA17="",$AA17="OK"),"","SIM Type: "&$AA17&" // ")&IF(OR($X17="",$X17="OK"),"","IMEI: "&$X17&" // "),LEN(IF(OR($T17="",$T17="OK"),"","PhoneNr: "&$T17&" // ")&IF(OR($W17="",$W17="OK"),"","ICC_ID: "&$W17&" // ")&IF(OR($Y17="",$Y17="OK"),"","StartDate: "&$Y17&" // ")&IF(OR($Z17="",$Z17="OK"),"","Status: "&$Z17&" // ")&IF(OR($AA17="",$AA17="OK"),"","SIM Type: "&$AA17&" // ")&IF(OR($X17="",$X17="OK"),"","IMEI: "&$X17&" // "))-6)) -> ICC_ID: Too short - 13 digits (min 18) | AD17: ICC_ID: too short (13, min 18)
A18: Ivan | B18: Petrov | C18: +359881234567 | E18: 89352012345678901234567 | G18: 15-03-2026 | H18: Bulgaria | P18: Active | Q18: eSIM | T18: =IF($C18="","",IF($V18="","No digits at all - enter a phone number",IF(NOT(SUMPRODUCT(--ISNUMBER(--MID($V18,ROW(INDIRECT("1:"&LEN($V18))),1)))=LEN($V18)),"Digits only - no letters or symbols (+ ( ) - . and spaces are tolerated)",IF(LEN($V18)<8,"Too short - "&LEN($V18)&" digits (min 8)",IF(LEN($V18)>15,"Too long - "&LEN($V18)&" digits (max 15)",IF($H18="","WARNING: SIM_Country is empty - cannot check the country code",IF(ISNA(MATCH($H18,tblCountries[Name],0)),"WARNING: SIM_Country """&$H18&""" is not in tblCountries",IF(LEFT($V18,LEN(TEXT(INDEX(tblCountries[DialCode],MATCH($H18,tblCountries[Name],0)),"0")))<>TEXT(INDEX(tblCountries[DialCode],MATCH($H18,tblCountries[Name],0)),"0"),"Wrong country code - must start with +"&TEXT(INDEX(tblCountries[DialCode],MATCH($H18,tblCountries[Name],0)),"0")&" for "&$H18,"OK")))))))) -> OK | U18: 352099001760897 | V18: =IF($C18="","",IF(LEFT(SUBSTITUTE(SUBSTITUTE(SUBSTITUTE(SUBSTITUTE(SUBSTITUTE(SUBSTITUTE(SUBSTITUTE(TRIM($C18&""),"+","")," ",""),"-",""),"(",""),")",""),".",""),CHAR(160),""),2)="00",MID(SUBSTITUTE(SUBSTITUTE(SUBSTITUTE(SUBSTITUTE(SUBSTITUTE(SUBSTITUTE(SUBSTITUTE(TRIM($C18&""),"+","")," ",""),"-",""),"(",""),")",""),".",""),CHAR(160),""),3,255),SUBSTITUTE(SUBSTITUTE(SUBSTITUTE(SUBSTITUTE(SUBSTITUTE(SUBSTITUTE(SUBSTITUTE(TRIM($C18&""),"+","")," ",""),"-",""),"(",""),")",""),".",""),CHAR(160),""))) -> 359881234567 | W18: =IF($E18="","",IF(ISNUMBER($E18),"Stored as a NUMBER - every digit past the 15th is already lost. Format the column as Text and re-enter.",IF(NOT(SUMPRODUCT(--ISNUMBER(--MID(TRIM($E18&""),ROW(INDIRECT("1:"&LEN(TRIM($E18&"")))),1)))=LEN(TRIM($E18&""))),"Digits only - no +, -, spaces or any other character",IF(LEFT(TRIM($E18&""),2)<>"89","Must start with 89 (ITU-T E.118 telecom prefix)",IF(LEN(TRIM($E18&""))<18,"Too short - "&LEN(TRIM($E18&""))&" digits (min 18)",IF(LEN(TRIM($E18&""))>22,"Too long - "&LEN(TRIM($E18&""))&" digits (max 22)",IF(NOT(MOD(SUMPRODUCT(MID(TRIM($E18&""),ROW(INDIRECT("1:"&LEN(TRIM($E18&"")))),1)*1*(1+MOD(LEN(TRIM($E18&""))-ROW(INDIRECT("1:"&LEN(TRIM($E18&"")))),2))-MOD(LEN(TRIM($E18&""))-ROW(INDIRECT("1:"&LEN(TRIM($E18&"")))),2)*9*(MID(TRIM($E18&""),ROW(INDIRECT("1:"&LEN(TRIM($E18&"")))),1)*1*2>9)),10)=0),"WARNING: Luhn check digit does not match - likely a typo or a transposition","OK"))))))) -> Too long - 23 digits (max 22) | X18: =IF($U18="","",IF(NOT(SUMPRODUCT(--ISNUMBER(--MID(TRIM($U18&""),ROW(INDIRECT("1:"&LEN(TRIM($U18&"")))),1)))=LEN(TRIM($U18&""))),"Digits only - no +, -, spaces or any other character",IF(LEN(TRIM($U18&""))<>15,"Must be exactly 15 digits - this one has "&LEN(TRIM($U18&"")),IF(NOT(MOD(SUMPRODUCT(MID(TRIM($U18&""),ROW(INDIRECT("1:"&LEN(TRIM($U18&"")))),1)*1*(1+MOD(LEN(TRIM($U18&""))-ROW(INDIRECT("1:"&LEN(TRIM($U18&"")))),2))-MOD(LEN(TRIM($U18&""))-ROW(INDIRECT("1:"&LEN(TRIM($U18&"")))),2)*9*(MID(TRIM($U18&""),ROW(INDIRECT("1:"&LEN(TRIM($U18&"")))),1)*1*2>9)),10)=0),"WARNING: Luhn check digit does not match - likely a typo or a transposition","OK")))) -> OK | Y18: =IF($G18="","",IF(ISNUMBER($G18),IF(OR($G18<DATE(2000,1,1),$G18>TODAY()+730),"WARNING: real date, but outside 2000-01-01 .. today+2y - check the day/month order","OK"),IF(LEN(TRIM($G18&""))<>10,"Must be dd-mm-yyyy - 10 characters, this one has "&LEN(TRIM($G18&"")),IF(AND(NOT(ISERROR(FIND(MID(TRIM($G18&""),5,1),"-/."))),NOT(ISERROR(FIND(MID(TRIM($G18&""),8,1),"-/."))),SUMPRODUCT(--ISNUMBER(--MID(LEFT(TRIM($G18&""),4),ROW(INDIRECT("1:"&LEN(LEFT(TRIM($G18&""),4)))),1)))=LEN(LEFT(TRIM($G18&""),4))),"Looks like yyyy-mm-dd - StartDate must put the DAY first: dd-mm-yyyy",IF(OR(MID(TRIM($G18&""),3,1)<>MID(TRIM($G18&""),6,1),ISERROR(FIND(MID(TRIM($G18&""),3,1),"-/."))),"Separators must be in positions 3 and 6, matching, and be - or / or .",IF(NOT(AND(SUMPRODUCT(--ISNUMBER(--MID(LEFT(TRIM($G18&""),2),ROW(INDIRECT("1:"&LEN(LEFT(TRIM($G18&""),2)))),1)))=LEN(LEFT(TRIM($G18&""),2)),SUMPRODUCT(--ISNUMBER(--MID(MID(TRIM($G18&""),4,2),ROW(INDIRECT("1:"&LEN(MID(TRIM($G18&""),4,2)))),1)))=LEN(MID(TRIM($G18&""),4,2)),SUMPRODUCT(--ISNUMBER(--MID(RIGHT(TRIM($G18&""),4),ROW(INDIRECT("1:"&LEN(RIGHT(TRIM($G18&""),4)))),1)))=LEN(RIGHT(TRIM($G18&""),4)))),"Day, month and year must all be digits",IF(OR(LEFT(TRIM($G18&""),2)*1<1,LEFT(TRIM($G18&""),2)*1>31),"Day out of range - dd-mm-yyyy puts the DAY first",IF(OR(MID(TRIM($G18&""),4,2)*1<1,MID(TRIM($G18&""),4,2)*1>12),"Month out of range - dd-mm-yyyy puts the MONTH second",IF(OR(RIGHT(TRIM($G18&""),4)*1<2000,RIGHT(TRIM($G18&""),4)*1>2100),"Year out of range (2000-2100)",IF(DAY(DATE(RIGHT(TRIM($G18&""),4)*1,MID(TRIM($G18&""),4,2)*1,LEFT(TRIM($G18&""),2)*1))<>LEFT(TRIM($G18&""),2)*1,"Not a real calendar date (e.g. 31-02 or 30-02)","OK")))))))))) -> OK | Z18: =IF($P18="","",IF(SUMPRODUCT(--EXACT($P18,Config!$G$2:$G$4))>0,"OK",IF(NOT(ISNA(MATCH($P18,Config!$G$2:$G$4,0))),"WARNING: wrong capitalisation - should be """&INDEX(Config!$G$2:$G$4,MATCH($P18,Config!$G$2:$G$4,0))&""" exactly","Must be one of: Active, Deactivated, Suspended"))) -> OK | AA18: =IF($Q18="","",IF(SUMPRODUCT(--EXACT($Q18,Config!$H$2:$H$3))>0,"OK",IF(NOT(ISNA(MATCH($Q18,Config!$H$2:$H$3,0))),"WARNING: wrong capitalisation - should be """&INDEX(Config!$H$2:$H$3,MATCH($Q18,Config!$H$2:$H$3,0))&""" exactly","Must be one of: eSIM, Physical SIM"))) -> OK | AB18: =IF(IF(OR($T18="",$T18="OK"),"","PhoneNr: "&$T18&" // ")&IF(OR($W18="",$W18="OK"),"","ICC_ID: "&$W18&" // ")&IF(OR($Y18="",$Y18="OK"),"","StartDate: "&$Y18&" // ")&IF(OR($Z18="",$Z18="OK"),"","Status: "&$Z18&" // ")&IF(OR($AA18="",$AA18="OK"),"","SIM Type: "&$AA18&" // ")&IF(OR($X18="",$X18="OK"),"","IMEI: "&$X18&" // ")="","OK",LEFT(IF(OR($T18="",$T18="OK"),"","PhoneNr: "&$T18&" // ")&IF(OR($W18="",$W18="OK"),"","ICC_ID: "&$W18&" // ")&IF(OR($Y18="",$Y18="OK"),"","StartDate: "&$Y18&" // ")&IF(OR($Z18="",$Z18="OK"),"","Status: "&$Z18&" // ")&IF(OR($AA18="",$AA18="OK"),"","SIM Type: "&$AA18&" // ")&IF(OR($X18="",$X18="OK"),"","IMEI: "&$X18&" // "),LEN(IF(OR($T18="",$T18="OK"),"","PhoneNr: "&$T18&" // ")&IF(OR($W18="",$W18="OK"),"","ICC_ID: "&$W18&" // ")&IF(OR($Y18="",$Y18="OK"),"","StartDate: "&$Y18&" // ")&IF(OR($Z18="",$Z18="OK"),"","Status: "&$Z18&" // ")&IF(OR($AA18="",$AA18="OK"),"","SIM Type: "&$AA18&" // ")&IF(OR($X18="",$X18="OK"),"","IMEI: "&$X18&" // "))-6)) -> ICC_ID: Too long - 23 digits (max 22) | AD18: ICC_ID: too long (23, max 22)
A19: Anja | B19: Berg | C19: +4791234567 | E19: 7935201234567890123 | G19: 15-03-2026 | H19: Norway | P19: Active | Q19: eSIM | T19: =IF($C19="","",IF($V19="","No digits at all - enter a phone number",IF(NOT(SUMPRODUCT(--ISNUMBER(--MID($V19,ROW(INDIRECT("1:"&LEN($V19))),1)))=LEN($V19)),"Digits only - no letters or symbols (+ ( ) - . and spaces are tolerated)",IF(LEN($V19)<8,"Too short - "&LEN($V19)&" digits (min 8)",IF(LEN($V19)>15,"Too long - "&LEN($V19)&" digits (max 15)",IF($H19="","WARNING: SIM_Country is empty - cannot check the country code",IF(ISNA(MATCH($H19,tblCountries[Name],0)),"WARNING: SIM_Country """&$H19&""" is not in tblCountries",IF(LEFT($V19,LEN(TEXT(INDEX(tblCountries[DialCode],MATCH($H19,tblCountries[Name],0)),"0")))<>TEXT(INDEX(tblCountries[DialCode],MATCH($H19,tblCountries[Name],0)),"0"),"Wrong country code - must start with +"&TEXT(INDEX(tblCountries[DialCode],MATCH($H19,tblCountries[Name],0)),"0")&" for "&$H19,"OK")))))))) -> OK | U19: 352099001760897 | V19: =IF($C19="","",IF(LEFT(SUBSTITUTE(SUBSTITUTE(SUBSTITUTE(SUBSTITUTE(SUBSTITUTE(SUBSTITUTE(SUBSTITUTE(TRIM($C19&""),"+","")," ",""),"-",""),"(",""),")",""),".",""),CHAR(160),""),2)="00",MID(SUBSTITUTE(SUBSTITUTE(SUBSTITUTE(SUBSTITUTE(SUBSTITUTE(SUBSTITUTE(SUBSTITUTE(TRIM($C19&""),"+","")," ",""),"-",""),"(",""),")",""),".",""),CHAR(160),""),3,255),SUBSTITUTE(SUBSTITUTE(SUBSTITUTE(SUBSTITUTE(SUBSTITUTE(SUBSTITUTE(SUBSTITUTE(TRIM($C19&""),"+","")," ",""),"-",""),"(",""),")",""),".",""),CHAR(160),""))) -> 4791234567 | W19: =IF($E19="","",IF(ISNUMBER($E19),"Stored as a NUMBER - every digit past the 15th is already lost. Format the column as Text and re-enter.",IF(NOT(SUMPRODUCT(--ISNUMBER(--MID(TRIM($E19&""),ROW(INDIRECT("1:"&LEN(TRIM($E19&"")))),1)))=LEN(TRIM($E19&""))),"Digits only - no +, -, spaces or any other character",IF(LEFT(TRIM($E19&""),2)<>"89","Must start with 89 (ITU-T E.118 telecom prefix)",IF(LEN(TRIM($E19&""))<18,"Too short - "&LEN(TRIM($E19&""))&" digits (min 18)",IF(LEN(TRIM($E19&""))>22,"Too long - "&LEN(TRIM($E19&""))&" digits (max 22)",IF(NOT(MOD(SUMPRODUCT(MID(TRIM($E19&""),ROW(INDIRECT("1:"&LEN(TRIM($E19&"")))),1)*1*(1+MOD(LEN(TRIM($E19&""))-ROW(INDIRECT("1:"&LEN(TRIM($E19&"")))),2))-MOD(LEN(TRIM($E19&""))-ROW(INDIRECT("1:"&LEN(TRIM($E19&"")))),2)*9*(MID(TRIM($E19&""),ROW(INDIRECT("1:"&LEN(TRIM($E19&"")))),1)*1*2>9)),10)=0),"WARNING: Luhn check digit does not match - likely a typo or a transposition","OK"))))))) -> Must start with 89 (ITU-T E.118 telecom prefix) | X19: =IF($U19="","",IF(NOT(SUMPRODUCT(--ISNUMBER(--MID(TRIM($U19&""),ROW(INDIRECT("1:"&LEN(TRIM($U19&"")))),1)))=LEN(TRIM($U19&""))),"Digits only - no +, -, spaces or any other character",IF(LEN(TRIM($U19&""))<>15,"Must be exactly 15 digits - this one has "&LEN(TRIM($U19&"")),IF(NOT(MOD(SUMPRODUCT(MID(TRIM($U19&""),ROW(INDIRECT("1:"&LEN(TRIM($U19&"")))),1)*1*(1+MOD(LEN(TRIM($U19&""))-ROW(INDIRECT("1:"&LEN(TRIM($U19&"")))),2))-MOD(LEN(TRIM($U19&""))-ROW(INDIRECT("1:"&LEN(TRIM($U19&"")))),2)*9*(MID(TRIM($U19&""),ROW(INDIRECT("1:"&LEN(TRIM($U19&"")))),1)*1*2>9)),10)=0),"WARNING: Luhn check digit does not match - likely a typo or a transposition","OK")))) -> OK | Y19: =IF($G19="","",IF(ISNUMBER($G19),IF(OR($G19<DATE(2000,1,1),$G19>TODAY()+730),"WARNING: real date, but outside 2000-01-01 .. today+2y - check the day/month order","OK"),IF(LEN(TRIM($G19&""))<>10,"Must be dd-mm-yyyy - 10 characters, this one has "&LEN(TRIM($G19&"")),IF(AND(NOT(ISERROR(FIND(MID(TRIM($G19&""),5,1),"-/."))),NOT(ISERROR(FIND(MID(TRIM($G19&""),8,1),"-/."))),SUMPRODUCT(--ISNUMBER(--MID(LEFT(TRIM($G19&""),4),ROW(INDIRECT("1:"&LEN(LEFT(TRIM($G19&""),4)))),1)))=LEN(LEFT(TRIM($G19&""),4))),"Looks like yyyy-mm-dd - StartDate must put the DAY first: dd-mm-yyyy",IF(OR(MID(TRIM($G19&""),3,1)<>MID(TRIM($G19&""),6,1),ISERROR(FIND(MID(TRIM($G19&""),3,1),"-/."))),"Separators must be in positions 3 and 6, matching, and be - or / or .",IF(NOT(AND(SUMPRODUCT(--ISNUMBER(--MID(LEFT(TRIM($G19&""),2),ROW(INDIRECT("1:"&LEN(LEFT(TRIM($G19&""),2)))),1)))=LEN(LEFT(TRIM($G19&""),2)),SUMPRODUCT(--ISNUMBER(--MID(MID(TRIM($G19&""),4,2),ROW(INDIRECT("1:"&LEN(MID(TRIM($G19&""),4,2)))),1)))=LEN(MID(TRIM($G19&""),4,2)),SUMPRODUCT(--ISNUMBER(--MID(RIGHT(TRIM($G19&""),4),ROW(INDIRECT("1:"&LEN(RIGHT(TRIM($G19&""),4)))),1)))=LEN(RIGHT(TRIM($G19&""),4)))),"Day, month and year must all be digits",IF(OR(LEFT(TRIM($G19&""),2)*1<1,LEFT(TRIM($G19&""),2)*1>31),"Day out of range - dd-mm-yyyy puts the DAY first",IF(OR(MID(TRIM($G19&""),4,2)*1<1,MID(TRIM($G19&""),4,2)*1>12),"Month out of range - dd-mm-yyyy puts the MONTH second",IF(OR(RIGHT(TRIM($G19&""),4)*1<2000,RIGHT(TRIM($G19&""),4)*1>2100),"Year out of range (2000-2100)",IF(DAY(DATE(RIGHT(TRIM($G19&""),4)*1,MID(TRIM($G19&""),4,2)*1,LEFT(TRIM($G19&""),2)*1))<>LEFT(TRIM($G19&""),2)*1,"Not a real calendar date (e.g. 31-02 or 30-02)","OK")))))))))) -> OK | Z19: =IF($P19="","",IF(SUMPRODUCT(--EXACT($P19,Config!$G$2:$G$4))>0,"OK",IF(NOT(ISNA(MATCH($P19,Config!$G$2:$G$4,0))),"WARNING: wrong capitalisation - should be """&INDEX(Config!$G$2:$G$4,MATCH($P19,Config!$G$2:$G$4,0))&""" exactly","Must be one of: Active, Deactivated, Suspended"))) -> OK | AA19: =IF($Q19="","",IF(SUMPRODUCT(--EXACT($Q19,Config!$H$2:$H$3))>0,"OK",IF(NOT(ISNA(MATCH($Q19,Config!$H$2:$H$3,0))),"WARNING: wrong capitalisation - should be """&INDEX(Config!$H$2:$H$3,MATCH($Q19,Config!$H$2:$H$3,0))&""" exactly","Must be one of: eSIM, Physical SIM"))) -> OK | AB19: =IF(IF(OR($T19="",$T19="OK"),"","PhoneNr: "&$T19&" // ")&IF(OR($W19="",$W19="OK"),"","ICC_ID: "&$W19&" // ")&IF(OR($Y19="",$Y19="OK"),"","StartDate: "&$Y19&" // ")&IF(OR($Z19="",$Z19="OK"),"","Status: "&$Z19&" // ")&IF(OR($AA19="",$AA19="OK"),"","SIM Type: "&$AA19&" // ")&IF(OR($X19="",$X19="OK"),"","IMEI: "&$X19&" // ")="","OK",LEFT(IF(OR($T19="",$T19="OK"),"","PhoneNr: "&$T19&" // ")&IF(OR($W19="",$W19="OK"),"","ICC_ID: "&$W19&" // ")&IF(OR($Y19="",$Y19="OK"),"","StartDate: "&$Y19&" // ")&IF(OR($Z19="",$Z19="OK"),"","Status: "&$Z19&" // ")&IF(OR($AA19="",$AA19="OK"),"","SIM Type: "&$AA19&" // ")&IF(OR($X19="",$X19="OK"),"","IMEI: "&$X19&" // "),LEN(IF(OR($T19="",$T19="OK"),"","PhoneNr: "&$T19&" // ")&IF(OR($W19="",$W19="OK"),"","ICC_ID: "&$W19&" // ")&IF(OR($Y19="",$Y19="OK"),"","StartDate: "&$Y19&" // ")&IF(OR($Z19="",$Z19="OK"),"","Status: "&$Z19&" // ")&IF(OR($AA19="",$AA19="OK"),"","SIM Type: "&$AA19&" // ")&IF(OR($X19="",$X19="OK"),"","IMEI: "&$X19&" // "))-6)) -> ICC_ID: Must start with 89 (ITU-T E.118 telecom prefix) | AD19: ICC_ID: does not start with 89
A20: Rui | B20: Costa | C20: +351912345678 | E20: 8935-2012-3456-7890-123 | G20: 15-03-2026 | H20: Portugal | P20: Active | Q20: eSIM | T20: =IF($C20="","",IF($V20="","No digits at all - enter a phone number",IF(NOT(SUMPRODUCT(--ISNUMBER(--MID($V20,ROW(INDIRECT("1:"&LEN($V20))),1)))=LEN($V20)),"Digits only - no letters or symbols (+ ( ) - . and spaces are tolerated)",IF(LEN($V20)<8,"Too short - "&LEN($V20)&" digits (min 8)",IF(LEN($V20)>15,"Too long - "&LEN($V20)&" digits (max 15)",IF($H20="","WARNING: SIM_Country is empty - cannot check the country code",IF(ISNA(MATCH($H20,tblCountries[Name],0)),"WARNING: SIM_Country """&$H20&""" is not in tblCountries",IF(LEFT($V20,LEN(TEXT(INDEX(tblCountries[DialCode],MATCH($H20,tblCountries[Name],0)),"0")))<>TEXT(INDEX(tblCountries[DialCode],MATCH($H20,tblCountries[Name],0)),"0"),"Wrong country code - must start with +"&TEXT(INDEX(tblCountries[DialCode],MATCH($H20,tblCountries[Name],0)),"0")&" for "&$H20,"OK")))))))) -> OK | U20: 352099001760897 | V20: =IF($C20="","",IF(LEFT(SUBSTITUTE(SUBSTITUTE(SUBSTITUTE(SUBSTITUTE(SUBSTITUTE(SUBSTITUTE(SUBSTITUTE(TRIM($C20&""),"+","")," ",""),"-",""),"(",""),")",""),".",""),CHAR(160),""),2)="00",MID(SUBSTITUTE(SUBSTITUTE(SUBSTITUTE(SUBSTITUTE(SUBSTITUTE(SUBSTITUTE(SUBSTITUTE(TRIM($C20&""),"+","")," ",""),"-",""),"(",""),")",""),".",""),CHAR(160),""),3,255),SUBSTITUTE(SUBSTITUTE(SUBSTITUTE(SUBSTITUTE(SUBSTITUTE(SUBSTITUTE(SUBSTITUTE(TRIM($C20&""),"+","")," ",""),"-",""),"(",""),")",""),".",""),CHAR(160),""))) -> 351912345678 | W20: =IF($E20="","",IF(ISNUMBER($E20),"Stored as a NUMBER - every digit past the 15th is already lost. Format the column as Text and re-enter.",IF(NOT(SUMPRODUCT(--ISNUMBER(--MID(TRIM($E20&""),ROW(INDIRECT("1:"&LEN(TRIM($E20&"")))),1)))=LEN(TRIM($E20&""))),"Digits only - no +, -, spaces or any other character",IF(LEFT(TRIM($E20&""),2)<>"89","Must start with 89 (ITU-T E.118 telecom prefix)",IF(LEN(TRIM($E20&""))<18,"Too short - "&LEN(TRIM($E20&""))&" digits (min 18)",IF(LEN(TRIM($E20&""))>22,"Too long - "&LEN(TRIM($E20&""))&" digits (max 22)",IF(NOT(MOD(SUMPRODUCT(MID(TRIM($E20&""),ROW(INDIRECT("1:"&LEN(TRIM($E20&"")))),1)*1*(1+MOD(LEN(TRIM($E20&""))-ROW(INDIRECT("1:"&LEN(TRIM($E20&"")))),2))-MOD(LEN(TRIM($E20&""))-ROW(INDIRECT("1:"&LEN(TRIM($E20&"")))),2)*9*(MID(TRIM($E20&""),ROW(INDIRECT("1:"&LEN(TRIM($E20&"")))),1)*1*2>9)),10)=0),"WARNING: Luhn check digit does not match - likely a typo or a transposition","OK"))))))) -> Digits only - no +, -, spaces or any other character | X20: =IF($U20="","",IF(NOT(SUMPRODUCT(--ISNUMBER(--MID(TRIM($U20&""),ROW(INDIRECT("1:"&LEN(TRIM($U20&"")))),1)))=LEN(TRIM($U20&""))),"Digits only - no +, -, spaces or any other character",IF(LEN(TRIM($U20&""))<>15,"Must be exactly 15 digits - this one has "&LEN(TRIM($U20&"")),IF(NOT(MOD(SUMPRODUCT(MID(TRIM($U20&""),ROW(INDIRECT("1:"&LEN(TRIM($U20&"")))),1)*1*(1+MOD(LEN(TRIM($U20&""))-ROW(INDIRECT("1:"&LEN(TRIM($U20&"")))),2))-MOD(LEN(TRIM($U20&""))-ROW(INDIRECT("1:"&LEN(TRIM($U20&"")))),2)*9*(MID(TRIM($U20&""),ROW(INDIRECT("1:"&LEN(TRIM($U20&"")))),1)*1*2>9)),10)=0),"WARNING: Luhn check digit does not match - likely a typo or a transposition","OK")))) -> OK | Y20: =IF($G20="","",IF(ISNUMBER($G20),IF(OR($G20<DATE(2000,1,1),$G20>TODAY()+730),"WARNING: real date, but outside 2000-01-01 .. today+2y - check the day/month order","OK"),IF(LEN(TRIM($G20&""))<>10,"Must be dd-mm-yyyy - 10 characters, this one has "&LEN(TRIM($G20&"")),IF(AND(NOT(ISERROR(FIND(MID(TRIM($G20&""),5,1),"-/."))),NOT(ISERROR(FIND(MID(TRIM($G20&""),8,1),"-/."))),SUMPRODUCT(--ISNUMBER(--MID(LEFT(TRIM($G20&""),4),ROW(INDIRECT("1:"&LEN(LEFT(TRIM($G20&""),4)))),1)))=LEN(LEFT(TRIM($G20&""),4))),"Looks like yyyy-mm-dd - StartDate must put the DAY first: dd-mm-yyyy",IF(OR(MID(TRIM($G20&""),3,1)<>MID(TRIM($G20&""),6,1),ISERROR(FIND(MID(TRIM($G20&""),3,1),"-/."))),"Separators must be in positions 3 and 6, matching, and be - or / or .",IF(NOT(AND(SUMPRODUCT(--ISNUMBER(--MID(LEFT(TRIM($G20&""),2),ROW(INDIRECT("1:"&LEN(LEFT(TRIM($G20&""),2)))),1)))=LEN(LEFT(TRIM($G20&""),2)),SUMPRODUCT(--ISNUMBER(--MID(MID(TRIM($G20&""),4,2),ROW(INDIRECT("1:"&LEN(MID(TRIM($G20&""),4,2)))),1)))=LEN(MID(TRIM($G20&""),4,2)),SUMPRODUCT(--ISNUMBER(--MID(RIGHT(TRIM($G20&""),4),ROW(INDIRECT("1:"&LEN(RIGHT(TRIM($G20&""),4)))),1)))=LEN(RIGHT(TRIM($G20&""),4)))),"Day, month and year must all be digits",IF(OR(LEFT(TRIM($G20&""),2)*1<1,LEFT(TRIM($G20&""),2)*1>31),"Day out of range - dd-mm-yyyy puts the DAY first",IF(OR(MID(TRIM($G20&""),4,2)*1<1,MID(TRIM($G20&""),4,2)*1>12),"Month out of range - dd-mm-yyyy puts the MONTH second",IF(OR(RIGHT(TRIM($G20&""),4)*1<2000,RIGHT(TRIM($G20&""),4)*1>2100),"Year out of range (2000-2100)",IF(DAY(DATE(RIGHT(TRIM($G20&""),4)*1,MID(TRIM($G20&""),4,2)*1,LEFT(TRIM($G20&""),2)*1))<>LEFT(TRIM($G20&""),2)*1,"Not a real calendar date (e.g. 31-02 or 30-02)","OK")))))))))) -> OK | Z20: =IF($P20="","",IF(SUMPRODUCT(--EXACT($P20,Config!$G$2:$G$4))>0,"OK",IF(NOT(ISNA(MATCH($P20,Config!$G$2:$G$4,0))),"WARNING: wrong capitalisation - should be """&INDEX(Config!$G$2:$G$4,MATCH($P20,Config!$G$2:$G$4,0))&""" exactly","Must be one of: Active, Deactivated, Suspended"))) -> OK | AA20: =IF($Q20="","",IF(SUMPRODUCT(--EXACT($Q20,Config!$H$2:$H$3))>0,"OK",IF(NOT(ISNA(MATCH($Q20,Config!$H$2:$H$3,0))),"WARNING: wrong capitalisation - should be """&INDEX(Config!$H$2:$H$3,MATCH($Q20,Config!$H$2:$H$3,0))&""" exactly","Must be one of: eSIM, Physical SIM"))) -> OK | AB20: =IF(IF(OR($T20="",$T20="OK"),"","PhoneNr: "&$T20&" // ")&IF(OR($W20="",$W20="OK"),"","ICC_ID: "&$W20&" // ")&IF(OR($Y20="",$Y20="OK"),"","StartDate: "&$Y20&" // ")&IF(OR($Z20="",$Z20="OK"),"","Status: "&$Z20&" // ")&IF(OR($AA20="",$AA20="OK"),"","SIM Type: "&$AA20&" // ")&IF(OR($X20="",$X20="OK"),"","IMEI: "&$X20&" // ")="","OK",LEFT(IF(OR($T20="",$T20="OK"),"","PhoneNr: "&$T20&" // ")&IF(OR($W20="",$W20="OK"),"","ICC_ID: "&$W20&" // ")&IF(OR($Y20="",$Y20="OK"),"","StartDate: "&$Y20&" // ")&IF(OR($Z20="",$Z20="OK"),"","Status: "&$Z20&" // ")&IF(OR($AA20="",$AA20="OK"),"","SIM Type: "&$AA20&" // ")&IF(OR($X20="",$X20="OK"),"","IMEI: "&$X20&" // "),LEN(IF(OR($T20="",$T20="OK"),"","PhoneNr: "&$T20&" // ")&IF(OR($W20="",$W20="OK"),"","ICC_ID: "&$W20&" // ")&IF(OR($Y20="",$Y20="OK"),"","StartDate: "&$Y20&" // ")&IF(OR($Z20="",$Z20="OK"),"","Status: "&$Z20&" // ")&IF(OR($AA20="",$AA20="OK"),"","SIM Type: "&$AA20&" // ")&IF(OR($X20="",$X20="OK"),"","IMEI: "&$X20&" // "))-6)) -> ICC_ID: Digits only - no +, -, spaces or any other character | AD20: ICC_ID: contains dashes
A21: Katri | B21: Nieminen | C21: +358401234567 | E21: 8935201234567890120 | G21: 15-03-2026 | H21: Finland | P21: Active | Q21: eSIM | T21: =IF($C21="","",IF($V21="","No digits at all - enter a phone number",IF(NOT(SUMPRODUCT(--ISNUMBER(--MID($V21,ROW(INDIRECT("1:"&LEN($V21))),1)))=LEN($V21)),"Digits only - no letters or symbols (+ ( ) - . and spaces are tolerated)",IF(LEN($V21)<8,"Too short - "&LEN($V21)&" digits (min 8)",IF(LEN($V21)>15,"Too long - "&LEN($V21)&" digits (max 15)",IF($H21="","WARNING: SIM_Country is empty - cannot check the country code",IF(ISNA(MATCH($H21,tblCountries[Name],0)),"WARNING: SIM_Country """&$H21&""" is not in tblCountries",IF(LEFT($V21,LEN(TEXT(INDEX(tblCountries[DialCode],MATCH($H21,tblCountries[Name],0)),"0")))<>TEXT(INDEX(tblCountries[DialCode],MATCH($H21,tblCountries[Name],0)),"0"),"Wrong country code - must start with +"&TEXT(INDEX(tblCountries[DialCode],MATCH($H21,tblCountries[Name],0)),"0")&" for "&$H21,"OK")))))))) -> OK | U21: 352099001760897 | V21: =IF($C21="","",IF(LEFT(SUBSTITUTE(SUBSTITUTE(SUBSTITUTE(SUBSTITUTE(SUBSTITUTE(SUBSTITUTE(SUBSTITUTE(TRIM($C21&""),"+","")," ",""),"-",""),"(",""),")",""),".",""),CHAR(160),""),2)="00",MID(SUBSTITUTE(SUBSTITUTE(SUBSTITUTE(SUBSTITUTE(SUBSTITUTE(SUBSTITUTE(SUBSTITUTE(TRIM($C21&""),"+","")," ",""),"-",""),"(",""),")",""),".",""),CHAR(160),""),3,255),SUBSTITUTE(SUBSTITUTE(SUBSTITUTE(SUBSTITUTE(SUBSTITUTE(SUBSTITUTE(SUBSTITUTE(TRIM($C21&""),"+","")," ",""),"-",""),"(",""),")",""),".",""),CHAR(160),""))) -> 358401234567 | W21: =IF($E21="","",IF(ISNUMBER($E21),"Stored as a NUMBER - every digit past the 15th is already lost. Format the column as Text and re-enter.",IF(NOT(SUMPRODUCT(--ISNUMBER(--MID(TRIM($E21&""),ROW(INDIRECT("1:"&LEN(TRIM($E21&"")))),1)))=LEN(TRIM($E21&""))),"Digits only - no +, -, spaces or any other character",IF(LEFT(TRIM($E21&""),2)<>"89","Must start with 89 (ITU-T E.118 telecom prefix)",IF(LEN(TRIM($E21&""))<18,"Too short - "&LEN(TRIM($E21&""))&" digits (min 18)",IF(LEN(TRIM($E21&""))>22,"Too long - "&LEN(TRIM($E21&""))&" digits (max 22)",IF(NOT(MOD(SUMPRODUCT(MID(TRIM($E21&""),ROW(INDIRECT("1:"&LEN(TRIM($E21&"")))),1)*1*(1+MOD(LEN(TRIM($E21&""))-ROW(INDIRECT("1:"&LEN(TRIM($E21&"")))),2))-MOD(LEN(TRIM($E21&""))-ROW(INDIRECT("1:"&LEN(TRIM($E21&"")))),2)*9*(MID(TRIM($E21&""),ROW(INDIRECT("1:"&LEN(TRIM($E21&"")))),1)*1*2>9)),10)=0),"WARNING: Luhn check digit does not match - likely a typo or a transposition","OK"))))))) -> WARNING: Luhn check digit does not match - likely a typo or a transposition | X21: =IF($U21="","",IF(NOT(SUMPRODUCT(--ISNUMBER(--MID(TRIM($U21&""),ROW(INDIRECT("1:"&LEN(TRIM($U21&"")))),1)))=LEN(TRIM($U21&""))),"Digits only - no +, -, spaces or any other character",IF(LEN(TRIM($U21&""))<>15,"Must be exactly 15 digits - this one has "&LEN(TRIM($U21&"")),IF(NOT(MOD(SUMPRODUCT(MID(TRIM($U21&""),ROW(INDIRECT("1:"&LEN(TRIM($U21&"")))),1)*1*(1+MOD(LEN(TRIM($U21&""))-ROW(INDIRECT("1:"&LEN(TRIM($U21&"")))),2))-MOD(LEN(TRIM($U21&""))-ROW(INDIRECT("1:"&LEN(TRIM($U21&"")))),2)*9*(MID(TRIM($U21&""),ROW(INDIRECT("1:"&LEN(TRIM($U21&"")))),1)*1*2>9)),10)=0),"WARNING: Luhn check digit does not match - likely a typo or a transposition","OK")))) -> OK | Y21: =IF($G21="","",IF(ISNUMBER($G21),IF(OR($G21<DATE(2000,1,1),$G21>TODAY()+730),"WARNING: real date, but outside 2000-01-01 .. today+2y - check the day/month order","OK"),IF(LEN(TRIM($G21&""))<>10,"Must be dd-mm-yyyy - 10 characters, this one has "&LEN(TRIM($G21&"")),IF(AND(NOT(ISERROR(FIND(MID(TRIM($G21&""),5,1),"-/."))),NOT(ISERROR(FIND(MID(TRIM($G21&""),8,1),"-/."))),SUMPRODUCT(--ISNUMBER(--MID(LEFT(TRIM($G21&""),4),ROW(INDIRECT("1:"&LEN(LEFT(TRIM($G21&""),4)))),1)))=LEN(LEFT(TRIM($G21&""),4))),"Looks like yyyy-mm-dd - StartDate must put the DAY first: dd-mm-yyyy",IF(OR(MID(TRIM($G21&""),3,1)<>MID(TRIM($G21&""),6,1),ISERROR(FIND(MID(TRIM($G21&""),3,1),"-/."))),"Separators must be in positions 3 and 6, matching, and be - or / or .",IF(NOT(AND(SUMPRODUCT(--ISNUMBER(--MID(LEFT(TRIM($G21&""),2),ROW(INDIRECT("1:"&LEN(LEFT(TRIM($G21&""),2)))),1)))=LEN(LEFT(TRIM($G21&""),2)),SUMPRODUCT(--ISNUMBER(--MID(MID(TRIM($G21&""),4,2),ROW(INDIRECT("1:"&LEN(MID(TRIM($G21&""),4,2)))),1)))=LEN(MID(TRIM($G21&""),4,2)),SUMPRODUCT(--ISNUMBER(--MID(RIGHT(TRIM($G21&""),4),ROW(INDIRECT("1:"&LEN(RIGHT(TRIM($G21&""),4)))),1)))=LEN(RIGHT(TRIM($G21&""),4)))),"Day, month and year must all be digits",IF(OR(LEFT(TRIM($G21&""),2)*1<1,LEFT(TRIM($G21&""),2)*1>31),"Day out of range - dd-mm-yyyy puts the DAY first",IF(OR(MID(TRIM($G21&""),4,2)*1<1,MID(TRIM($G21&""),4,2)*1>12),"Month out of range - dd-mm-yyyy puts the MONTH second",IF(OR(RIGHT(TRIM($G21&""),4)*1<2000,RIGHT(TRIM($G21&""),4)*1>2100),"Year out of range (2000-2100)",IF(DAY(DATE(RIGHT(TRIM($G21&""),4)*1,MID(TRIM($G21&""),4,2)*1,LEFT(TRIM($G21&""),2)*1))<>LEFT(TRIM($G21&""),2)*1,"Not a real calendar date (e.g. 31-02 or 30-02)","OK")))))))))) -> OK | Z21: =IF($P21="","",IF(SUMPRODUCT(--EXACT($P21,Config!$G$2:$G$4))>0,"OK",IF(NOT(ISNA(MATCH($P21,Config!$G$2:$G$4,0))),"WARNING: wrong capitalisation - should be """&INDEX(Config!$G$2:$G$4,MATCH($P21,Config!$G$2:$G$4,0))&""" exactly","Must be one of: Active, Deactivated, Suspended"))) -> OK | AA21: =IF($Q21="","",IF(SUMPRODUCT(--EXACT($Q21,Config!$H$2:$H$3))>0,"OK",IF(NOT(ISNA(MATCH($Q21,Config!$H$2:$H$3,0))),"WARNING: wrong capitalisation - should be """&INDEX(Config!$H$2:$H$3,MATCH($Q21,Config!$H$2:$H$3,0))&""" exactly","Must be one of: eSIM, Physical SIM"))) -> OK | AB21: =IF(IF(OR($T21="",$T21="OK"),"","PhoneNr: "&$T21&" // ")&IF(OR($W21="",$W21="OK"),"","ICC_ID: "&$W21&" // ")&IF(OR($Y21="",$Y21="OK"),"","StartDate: "&$Y21&" // ")&IF(OR($Z21="",$Z21="OK"),"","Status: "&$Z21&" // ")&IF(OR($AA21="",$AA21="OK"),"","SIM Type: "&$AA21&" // ")&IF(OR($X21="",$X21="OK"),"","IMEI: "&$X21&" // ")="","OK",LEFT(IF(OR($T21="",$T21="OK"),"","PhoneNr: "&$T21&" // ")&IF(OR($W21="",$W21="OK"),"","ICC_ID: "&$W21&" // ")&IF(OR($Y21="",$Y21="OK"),"","StartDate: "&$Y21&" // ")&IF(OR($Z21="",$Z21="OK"),"","Status: "&$Z21&" // ")&IF(OR($AA21="",$AA21="OK"),"","SIM Type: "&$AA21&" // ")&IF(OR($X21="",$X21="OK"),"","IMEI: "&$X21&" // "),LEN(IF(OR($T21="",$T21="OK"),"","PhoneNr: "&$T21&" // ")&IF(OR($W21="",$W21="OK"),"","ICC_ID: "&$W21&" // ")&IF(OR($Y21="",$Y21="OK"),"","StartDate: "&$Y21&" // ")&IF(OR($Z21="",$Z21="OK"),"","Status: "&$Z21&" // ")&IF(OR($AA21="",$AA21="OK"),"","SIM Type: "&$AA21&" // ")&IF(OR($X21="",$X21="OK"),"","IMEI: "&$X21&" // "))-6)) -> ICC_ID: WARNING: Luhn check digit does not match - likely a typo or a transposition | AD21: ICC_ID: WARNING - Luhn check digit fails
A22: Bea | B22: Toth | C22: +36301234567 | E22: 8935201234567890123451 | G22: 15-03-2026 | H22: Hungary | P22: Active | Q22: eSIM | T22: =IF($C22="","",IF($V22="","No digits at all - enter a phone number",IF(NOT(SUMPRODUCT(--ISNUMBER(--MID($V22,ROW(INDIRECT("1:"&LEN($V22))),1)))=LEN($V22)),"Digits only - no letters or symbols (+ ( ) - . and spaces are tolerated)",IF(LEN($V22)<8,"Too short - "&LEN($V22)&" digits (min 8)",IF(LEN($V22)>15,"Too long - "&LEN($V22)&" digits (max 15)",IF($H22="","WARNING: SIM_Country is empty - cannot check the country code",IF(ISNA(MATCH($H22,tblCountries[Name],0)),"WARNING: SIM_Country """&$H22&""" is not in tblCountries",IF(LEFT($V22,LEN(TEXT(INDEX(tblCountries[DialCode],MATCH($H22,tblCountries[Name],0)),"0")))<>TEXT(INDEX(tblCountries[DialCode],MATCH($H22,tblCountries[Name],0)),"0"),"Wrong country code - must start with +"&TEXT(INDEX(tblCountries[DialCode],MATCH($H22,tblCountries[Name],0)),"0")&" for "&$H22,"OK")))))))) -> OK | U22: 352099001760897 | V22: =IF($C22="","",IF(LEFT(SUBSTITUTE(SUBSTITUTE(SUBSTITUTE(SUBSTITUTE(SUBSTITUTE(SUBSTITUTE(SUBSTITUTE(TRIM($C22&""),"+","")," ",""),"-",""),"(",""),")",""),".",""),CHAR(160),""),2)="00",MID(SUBSTITUTE(SUBSTITUTE(SUBSTITUTE(SUBSTITUTE(SUBSTITUTE(SUBSTITUTE(SUBSTITUTE(TRIM($C22&""),"+","")," ",""),"-",""),"(",""),")",""),".",""),CHAR(160),""),3,255),SUBSTITUTE(SUBSTITUTE(SUBSTITUTE(SUBSTITUTE(SUBSTITUTE(SUBSTITUTE(SUBSTITUTE(TRIM($C22&""),"+","")," ",""),"-",""),"(",""),")",""),".",""),CHAR(160),""))) -> 36301234567 | W22: =IF($E22="","",IF(ISNUMBER($E22),"Stored as a NUMBER - every digit past the 15th is already lost. Format the column as Text and re-enter.",IF(NOT(SUMPRODUCT(--ISNUMBER(--MID(TRIM($E22&""),ROW(INDIRECT("1:"&LEN(TRIM($E22&"")))),1)))=LEN(TRIM($E22&""))),"Digits only - no +, -, spaces or any other character",IF(LEFT(TRIM($E22&""),2)<>"89","Must start with 89 (ITU-T E.118 telecom prefix)",IF(LEN(TRIM($E22&""))<18,"Too short - "&LEN(TRIM($E22&""))&" digits (min 18)",IF(LEN(TRIM($E22&""))>22,"Too long - "&LEN(TRIM($E22&""))&" digits (max 22)",IF(NOT(MOD(SUMPRODUCT(MID(TRIM($E22&""),ROW(INDIRECT("1:"&LEN(TRIM($E22&"")))),1)*1*(1+MOD(LEN(TRIM($E22&""))-ROW(INDIRECT("1:"&LEN(TRIM($E22&"")))),2))-MOD(LEN(TRIM($E22&""))-ROW(INDIRECT("1:"&LEN(TRIM($E22&"")))),2)*9*(MID(TRIM($E22&""),ROW(INDIRECT("1:"&LEN(TRIM($E22&"")))),1)*1*2>9)),10)=0),"WARNING: Luhn check digit does not match - likely a typo or a transposition","OK"))))))) -> OK | X22: =IF($U22="","",IF(NOT(SUMPRODUCT(--ISNUMBER(--MID(TRIM($U22&""),ROW(INDIRECT("1:"&LEN(TRIM($U22&"")))),1)))=LEN(TRIM($U22&""))),"Digits only - no +, -, spaces or any other character",IF(LEN(TRIM($U22&""))<>15,"Must be exactly 15 digits - this one has "&LEN(TRIM($U22&"")),IF(NOT(MOD(SUMPRODUCT(MID(TRIM($U22&""),ROW(INDIRECT("1:"&LEN(TRIM($U22&"")))),1)*1*(1+MOD(LEN(TRIM($U22&""))-ROW(INDIRECT("1:"&LEN(TRIM($U22&"")))),2))-MOD(LEN(TRIM($U22&""))-ROW(INDIRECT("1:"&LEN(TRIM($U22&"")))),2)*9*(MID(TRIM($U22&""),ROW(INDIRECT("1:"&LEN(TRIM($U22&"")))),1)*1*2>9)),10)=0),"WARNING: Luhn check digit does not match - likely a typo or a transposition","OK")))) -> OK | Y22: =IF($G22="","",IF(ISNUMBER($G22),IF(OR($G22<DATE(2000,1,1),$G22>TODAY()+730),"WARNING: real date, but outside 2000-01-01 .. today+2y - check the day/month order","OK"),IF(LEN(TRIM($G22&""))<>10,"Must be dd-mm-yyyy - 10 characters, this one has "&LEN(TRIM($G22&"")),IF(AND(NOT(ISERROR(FIND(MID(TRIM($G22&""),5,1),"-/."))),NOT(ISERROR(FIND(MID(TRIM($G22&""),8,1),"-/."))),SUMPRODUCT(--ISNUMBER(--MID(LEFT(TRIM($G22&""),4),ROW(INDIRECT("1:"&LEN(LEFT(TRIM($G22&""),4)))),1)))=LEN(LEFT(TRIM($G22&""),4))),"Looks like yyyy-mm-dd - StartDate must put the DAY first: dd-mm-yyyy",IF(OR(MID(TRIM($G22&""),3,1)<>MID(TRIM($G22&""),6,1),ISERROR(FIND(MID(TRIM($G22&""),3,1),"-/."))),"Separators must be in positions 3 and 6, matching, and be - or / or .",IF(NOT(AND(SUMPRODUCT(--ISNUMBER(--MID(LEFT(TRIM($G22&""),2),ROW(INDIRECT("1:"&LEN(LEFT(TRIM($G22&""),2)))),1)))=LEN(LEFT(TRIM($G22&""),2)),SUMPRODUCT(--ISNUMBER(--MID(MID(TRIM($G22&""),4,2),ROW(INDIRECT("1:"&LEN(MID(TRIM($G22&""),4,2)))),1)))=LEN(MID(TRIM($G22&""),4,2)),SUMPRODUCT(--ISNUMBER(--MID(RIGHT(TRIM($G22&""),4),ROW(INDIRECT("1:"&LEN(RIGHT(TRIM($G22&""),4)))),1)))=LEN(RIGHT(TRIM($G22&""),4)))),"Day, month and year must all be digits",IF(OR(LEFT(TRIM($G22&""),2)*1<1,LEFT(TRIM($G22&""),2)*1>31),"Day out of range - dd-mm-yyyy puts the DAY first",IF(OR(MID(TRIM($G22&""),4,2)*1<1,MID(TRIM($G22&""),4,2)*1>12),"Month out of range - dd-mm-yyyy puts the MONTH second",IF(OR(RIGHT(TRIM($G22&""),4)*1<2000,RIGHT(TRIM($G22&""),4)*1>2100),"Year out of range (2000-2100)",IF(DAY(DATE(RIGHT(TRIM($G22&""),4)*1,MID(TRIM($G22&""),4,2)*1,LEFT(TRIM($G22&""),2)*1))<>LEFT(TRIM($G22&""),2)*1,"Not a real calendar date (e.g. 31-02 or 30-02)","OK")))))))))) -> OK | Z22: =IF($P22="","",IF(SUMPRODUCT(--EXACT($P22,Config!$G$2:$G$4))>0,"OK",IF(NOT(ISNA(MATCH($P22,Config!$G$2:$G$4,0))),"WARNING: wrong capitalisation - should be """&INDEX(Config!$G$2:$G$4,MATCH($P22,Config!$G$2:$G$4,0))&""" exactly","Must be one of: Active, Deactivated, Suspended"))) -> OK | AA22: =IF($Q22="","",IF(SUMPRODUCT(--EXACT($Q22,Config!$H$2:$H$3))>0,"OK",IF(NOT(ISNA(MATCH($Q22,Config!$H$2:$H$3,0))),"WARNING: wrong capitalisation - should be """&INDEX(Config!$H$2:$H$3,MATCH($Q22,Config!$H$2:$H$3,0))&""" exactly","Must be one of: eSIM, Physical SIM"))) -> OK | AB22: =IF(IF(OR($T22="",$T22="OK"),"","PhoneNr: "&$T22&" // ")&IF(OR($W22="",$W22="OK"),"","ICC_ID: "&$W22&" // ")&IF(OR($Y22="",$Y22="OK"),"","StartDate: "&$Y22&" // ")&IF(OR($Z22="",$Z22="OK"),"","Status: "&$Z22&" // ")&IF(OR($AA22="",$AA22="OK"),"","SIM Type: "&$AA22&" // ")&IF(OR($X22="",$X22="OK"),"","IMEI: "&$X22&" // ")="","OK",LEFT(IF(OR($T22="",$T22="OK"),"","PhoneNr: "&$T22&" // ")&IF(OR($W22="",$W22="OK"),"","ICC_ID: "&$W22&" // ")&IF(OR($Y22="",$Y22="OK"),"","StartDate: "&$Y22&" // ")&IF(OR($Z22="",$Z22="OK"),"","Status: "&$Z22&" // ")&IF(OR($AA22="",$AA22="OK"),"","SIM Type: "&$AA22&" // ")&IF(OR($X22="",$X22="OK"),"","IMEI: "&$X22&" // "),LEN(IF(OR($T22="",$T22="OK"),"","PhoneNr: "&$T22&" // ")&IF(OR($W22="",$W22="OK"),"","ICC_ID: "&$W22&" // ")&IF(OR($Y22="",$Y22="OK"),"","StartDate: "&$Y22&" // ")&IF(OR($Z22="",$Z22="OK"),"","Status: "&$Z22&" // ")&IF(OR($AA22="",$AA22="OK"),"","SIM Type: "&$AA22&" // ")&IF(OR($X22="",$X22="OK"),"","IMEI: "&$X22&" // "))-6)) -> OK | AD22: ICC_ID: valid at max length (22)
A23: Omar | B23: Haddad | C23: +971501234567 | E23: 8935201234567890125 | G23: 15-03-2026 | H23: United Arab Emirates | P23: Active | Q23: Physical SIM | T23: =IF($C23="","",IF($V23="","No digits at all - enter a phone number",IF(NOT(SUMPRODUCT(--ISNUMBER(--MID($V23,ROW(INDIRECT("1:"&LEN($V23))),1)))=LEN($V23)),"Digits only - no letters or symbols (+ ( ) - . and spaces are tolerated)",IF(LEN($V23)<8,"Too short - "&LEN($V23)&" digits (min 8)",IF(LEN($V23)>15,"Too long - "&LEN($V23)&" digits (max 15)",IF($H23="","WARNING: SIM_Country is empty - cannot check the country code",IF(ISNA(MATCH($H23,tblCountries[Name],0)),"WARNING: SIM_Country """&$H23&""" is not in tblCountries",IF(LEFT($V23,LEN(TEXT(INDEX(tblCountries[DialCode],MATCH($H23,tblCountries[Name],0)),"0")))<>TEXT(INDEX(tblCountries[DialCode],MATCH($H23,tblCountries[Name],0)),"0"),"Wrong country code - must start with +"&TEXT(INDEX(tblCountries[DialCode],MATCH($H23,tblCountries[Name],0)),"0")&" for "&$H23,"OK")))))))) -> OK | U23: 35209900176089 | V23: =IF($C23="","",IF(LEFT(SUBSTITUTE(SUBSTITUTE(SUBSTITUTE(SUBSTITUTE(SUBSTITUTE(SUBSTITUTE(SUBSTITUTE(TRIM($C23&""),"+","")," ",""),"-",""),"(",""),")",""),".",""),CHAR(160),""),2)="00",MID(SUBSTITUTE(SUBSTITUTE(SUBSTITUTE(SUBSTITUTE(SUBSTITUTE(SUBSTITUTE(SUBSTITUTE(TRIM($C23&""),"+","")," ",""),"-",""),"(",""),")",""),".",""),CHAR(160),""),3,255),SUBSTITUTE(SUBSTITUTE(SUBSTITUTE(SUBSTITUTE(SUBSTITUTE(SUBSTITUTE(SUBSTITUTE(TRIM($C23&""),"+","")," ",""),"-",""),"(",""),")",""),".",""),CHAR(160),""))) -> 971501234567 | W23: =IF($E23="","",IF(ISNUMBER($E23),"Stored as a NUMBER - every digit past the 15th is already lost. Format the column as Text and re-enter.",IF(NOT(SUMPRODUCT(--ISNUMBER(--MID(TRIM($E23&""),ROW(INDIRECT("1:"&LEN(TRIM($E23&"")))),1)))=LEN(TRIM($E23&""))),"Digits only - no +, -, spaces or any other character",IF(LEFT(TRIM($E23&""),2)<>"89","Must start with 89 (ITU-T E.118 telecom prefix)",IF(LEN(TRIM($E23&""))<18,"Too short - "&LEN(TRIM($E23&""))&" digits (min 18)",IF(LEN(TRIM($E23&""))>22,"Too long - "&LEN(TRIM($E23&""))&" digits (max 22)",IF(NOT(MOD(SUMPRODUCT(MID(TRIM($E23&""),ROW(INDIRECT("1:"&LEN(TRIM($E23&"")))),1)*1*(1+MOD(LEN(TRIM($E23&""))-ROW(INDIRECT("1:"&LEN(TRIM($E23&"")))),2))-MOD(LEN(TRIM($E23&""))-ROW(INDIRECT("1:"&LEN(TRIM($E23&"")))),2)*9*(MID(TRIM($E23&""),ROW(INDIRECT("1:"&LEN(TRIM($E23&"")))),1)*1*2>9)),10)=0),"WARNING: Luhn check digit does not match - likely a typo or a transposition","OK"))))))) -> OK | X23: =IF($U23="","",IF(NOT(SUMPRODUCT(--ISNUMBER(--MID(TRIM($U23&""),ROW(INDIRECT("1:"&LEN(TRIM($U23&"")))),1)))=LEN(TRIM($U23&""))),"Digits only - no +, -, spaces or any other character",IF(LEN(TRIM($U23&""))<>15,"Must be exactly 15 digits - this one has "&LEN(TRIM($U23&"")),IF(NOT(MOD(SUMPRODUCT(MID(TRIM($U23&""),ROW(INDIRECT("1:"&LEN(TRIM($U23&"")))),1)*1*(1+MOD(LEN(TRIM($U23&""))-ROW(INDIRECT("1:"&LEN(TRIM($U23&"")))),2))-MOD(LEN(TRIM($U23&""))-ROW(INDIRECT("1:"&LEN(TRIM($U23&"")))),2)*9*(MID(TRIM($U23&""),ROW(INDIRECT("1:"&LEN(TRIM($U23&"")))),1)*1*2>9)),10)=0),"WARNING: Luhn check digit does not match - likely a typo or a transposition","OK")))) -> Must be exactly 15 digits - this one has 14 | Y23: =IF($G23="","",IF(ISNUMBER($G23),IF(OR($G23<DATE(2000,1,1),$G23>TODAY()+730),"WARNING: real date, but outside 2000-01-01 .. today+2y - check the day/month order","OK"),IF(LEN(TRIM($G23&""))<>10,"Must be dd-mm-yyyy - 10 characters, this one has "&LEN(TRIM($G23&"")),IF(AND(NOT(ISERROR(FIND(MID(TRIM($G23&""),5,1),"-/."))),NOT(ISERROR(FIND(MID(TRIM($G23&""),8,1),"-/."))),SUMPRODUCT(--ISNUMBER(--MID(LEFT(TRIM($G23&""),4),ROW(INDIRECT("1:"&LEN(LEFT(TRIM($G23&""),4)))),1)))=LEN(LEFT(TRIM($G23&""),4))),"Looks like yyyy-mm-dd - StartDate must put the DAY first: dd-mm-yyyy",IF(OR(MID(TRIM($G23&""),3,1)<>MID(TRIM($G23&""),6,1),ISERROR(FIND(MID(TRIM($G23&""),3,1),"-/."))),"Separators must be in positions 3 and 6, matching, and be - or / or .",IF(NOT(AND(SUMPRODUCT(--ISNUMBER(--MID(LEFT(TRIM($G23&""),2),ROW(INDIRECT("1:"&LEN(LEFT(TRIM($G23&""),2)))),1)))=LEN(LEFT(TRIM($G23&""),2)),SUMPRODUCT(--ISNUMBER(--MID(MID(TRIM($G23&""),4,2),ROW(INDIRECT("1:"&LEN(MID(TRIM($G23&""),4,2)))),1)))=LEN(MID(TRIM($G23&""),4,2)),SUMPRODUCT(--ISNUMBER(--MID(RIGHT(TRIM($G23&""),4),ROW(INDIRECT("1:"&LEN(RIGHT(TRIM($G23&""),4)))),1)))=LEN(RIGHT(TRIM($G23&""),4)))),"Day, month and year must all be digits",IF(OR(LEFT(TRIM($G23&""),2)*1<1,LEFT(TRIM($G23&""),2)*1>31),"Day out of range - dd-mm-yyyy puts the DAY first",IF(OR(MID(TRIM($G23&""),4,2)*1<1,MID(TRIM($G23&""),4,2)*1>12),"Month out of range - dd-mm-yyyy puts the MONTH second",IF(OR(RIGHT(TRIM($G23&""),4)*1<2000,RIGHT(TRIM($G23&""),4)*1>2100),"Year out of range (2000-2100)",IF(DAY(DATE(RIGHT(TRIM($G23&""),4)*1,MID(TRIM($G23&""),4,2)*1,LEFT(TRIM($G23&""),2)*1))<>LEFT(TRIM($G23&""),2)*1,"Not a real calendar date (e.g. 31-02 or 30-02)","OK")))))))))) -> OK | Z23: =IF($P23="","",IF(SUMPRODUCT(--EXACT($P23,Config!$G$2:$G$4))>0,"OK",IF(NOT(ISNA(MATCH($P23,Config!$G$2:$G$4,0))),"WARNING: wrong capitalisation - should be """&INDEX(Config!$G$2:$G$4,MATCH($P23,Config!$G$2:$G$4,0))&""" exactly","Must be one of: Active, Deactivated, Suspended"))) -> OK | AA23: =IF($Q23="","",IF(SUMPRODUCT(--EXACT($Q23,Config!$H$2:$H$3))>0,"OK",IF(NOT(ISNA(MATCH($Q23,Config!$H$2:$H$3,0))),"WARNING: wrong capitalisation - should be """&INDEX(Config!$H$2:$H$3,MATCH($Q23,Config!$H$2:$H$3,0))&""" exactly","Must be one of: eSIM, Physical SIM"))) -> OK | AB23: =IF(IF(OR($T23="",$T23="OK"),"","PhoneNr: "&$T23&" // ")&IF(OR($W23="",$W23="OK"),"","ICC_ID: "&$W23&" // ")&IF(OR($Y23="",$Y23="OK"),"","StartDate: "&$Y23&" // ")&IF(OR($Z23="",$Z23="OK"),"","Status: "&$Z23&" // ")&IF(OR($AA23="",$AA23="OK"),"","SIM Type: "&$AA23&" // ")&IF(OR($X23="",$X23="OK"),"","IMEI: "&$X23&" // ")="","OK",LEFT(IF(OR($T23="",$T23="OK"),"","PhoneNr: "&$T23&" // ")&IF(OR($W23="",$W23="OK"),"","ICC_ID: "&$W23&" // ")&IF(OR($Y23="",$Y23="OK"),"","StartDate: "&$Y23&" // ")&IF(OR($Z23="",$Z23="OK"),"","Status: "&$Z23&" // ")&IF(OR($AA23="",$AA23="OK"),"","SIM Type: "&$AA23&" // ")&IF(OR($X23="",$X23="OK"),"","IMEI: "&$X23&" // "),LEN(IF(OR($T23="",$T23="OK"),"","PhoneNr: "&$T23&" // ")&IF(OR($W23="",$W23="OK"),"","ICC_ID: "&$W23&" // ")&IF(OR($Y23="",$Y23="OK"),"","StartDate: "&$Y23&" // ")&IF(OR($Z23="",$Z23="OK"),"","Status: "&$Z23&" // ")&IF(OR($AA23="",$AA23="OK"),"","SIM Type: "&$AA23&" // ")&IF(OR($X23="",$X23="OK"),"","IMEI: "&$X23&" // "))-6)) -> IMEI: Must be exactly 15 digits - this one has 14 | AD23: IMEI: only 14 digits
A24: Yara | B24: Levi | C24: +972501234567 | E24: 8935201234567890125 | G24: 15-03-2026 | H24: Israel | P24: Active | Q24: Physical SIM | T24: =IF($C24="","",IF($V24="","No digits at all - enter a phone number",IF(NOT(SUMPRODUCT(--ISNUMBER(--MID($V24,ROW(INDIRECT("1:"&LEN($V24))),1)))=LEN($V24)),"Digits only - no letters or symbols (+ ( ) - . and spaces are tolerated)",IF(LEN($V24)<8,"Too short - "&LEN($V24)&" digits (min 8)",IF(LEN($V24)>15,"Too long - "&LEN($V24)&" digits (max 15)",IF($H24="","WARNING: SIM_Country is empty - cannot check the country code",IF(ISNA(MATCH($H24,tblCountries[Name],0)),"WARNING: SIM_Country """&$H24&""" is not in tblCountries",IF(LEFT($V24,LEN(TEXT(INDEX(tblCountries[DialCode],MATCH($H24,tblCountries[Name],0)),"0")))<>TEXT(INDEX(tblCountries[DialCode],MATCH($H24,tblCountries[Name],0)),"0"),"Wrong country code - must start with +"&TEXT(INDEX(tblCountries[DialCode],MATCH($H24,tblCountries[Name],0)),"0")&" for "&$H24,"OK")))))))) -> OK | U24: 3520990017608A | V24: =IF($C24="","",IF(LEFT(SUBSTITUTE(SUBSTITUTE(SUBSTITUTE(SUBSTITUTE(SUBSTITUTE(SUBSTITUTE(SUBSTITUTE(TRIM($C24&""),"+","")," ",""),"-",""),"(",""),")",""),".",""),CHAR(160),""),2)="00",MID(SUBSTITUTE(SUBSTITUTE(SUBSTITUTE(SUBSTITUTE(SUBSTITUTE(SUBSTITUTE(SUBSTITUTE(TRIM($C24&""),"+","")," ",""),"-",""),"(",""),")",""),".",""),CHAR(160),""),3,255),SUBSTITUTE(SUBSTITUTE(SUBSTITUTE(SUBSTITUTE(SUBSTITUTE(SUBSTITUTE(SUBSTITUTE(TRIM($C24&""),"+","")," ",""),"-",""),"(",""),")",""),".",""),CHAR(160),""))) -> 972501234567 | W24: =IF($E24="","",IF(ISNUMBER($E24),"Stored as a NUMBER - every digit past the 15th is already lost. Format the column as Text and re-enter.",IF(NOT(SUMPRODUCT(--ISNUMBER(--MID(TRIM($E24&""),ROW(INDIRECT("1:"&LEN(TRIM($E24&"")))),1)))=LEN(TRIM($E24&""))),"Digits only - no +, -, spaces or any other character",IF(LEFT(TRIM($E24&""),2)<>"89","Must start with 89 (ITU-T E.118 telecom prefix)",IF(LEN(TRIM($E24&""))<18,"Too short - "&LEN(TRIM($E24&""))&" digits (min 18)",IF(LEN(TRIM($E24&""))>22,"Too long - "&LEN(TRIM($E24&""))&" digits (max 22)",IF(NOT(MOD(SUMPRODUCT(MID(TRIM($E24&""),ROW(INDIRECT("1:"&LEN(TRIM($E24&"")))),1)*1*(1+MOD(LEN(TRIM($E24&""))-ROW(INDIRECT("1:"&LEN(TRIM($E24&"")))),2))-MOD(LEN(TRIM($E24&""))-ROW(INDIRECT("1:"&LEN(TRIM($E24&"")))),2)*9*(MID(TRIM($E24&""),ROW(INDIRECT("1:"&LEN(TRIM($E24&"")))),1)*1*2>9)),10)=0),"WARNING: Luhn check digit does not match - likely a typo or a transposition","OK"))))))) -> OK | X24: =IF($U24="","",IF(NOT(SUMPRODUCT(--ISNUMBER(--MID(TRIM($U24&""),ROW(INDIRECT("1:"&LEN(TRIM($U24&"")))),1)))=LEN(TRIM($U24&""))),"Digits only - no +, -, spaces or any other character",IF(LEN(TRIM($U24&""))<>15,"Must be exactly 15 digits - this one has "&LEN(TRIM($U24&"")),IF(NOT(MOD(SUMPRODUCT(MID(TRIM($U24&""),ROW(INDIRECT("1:"&LEN(TRIM($U24&"")))),1)*1*(1+MOD(LEN(TRIM($U24&""))-ROW(INDIRECT("1:"&LEN(TRIM($U24&"")))),2))-MOD(LEN(TRIM($U24&""))-ROW(INDIRECT("1:"&LEN(TRIM($U24&"")))),2)*9*(MID(TRIM($U24&""),ROW(INDIRECT("1:"&LEN(TRIM($U24&"")))),1)*1*2>9)),10)=0),"WARNING: Luhn check digit does not match - likely a typo or a transposition","OK")))) -> Digits only - no +, -, spaces or any other character | Y24: =IF($G24="","",IF(ISNUMBER($G24),IF(OR($G24<DATE(2000,1,1),$G24>TODAY()+730),"WARNING: real date, but outside 2000-01-01 .. today+2y - check the day/month order","OK"),IF(LEN(TRIM($G24&""))<>10,"Must be dd-mm-yyyy - 10 characters, this one has "&LEN(TRIM($G24&"")),IF(AND(NOT(ISERROR(FIND(MID(TRIM($G24&""),5,1),"-/."))),NOT(ISERROR(FIND(MID(TRIM($G24&""),8,1),"-/."))),SUMPRODUCT(--ISNUMBER(--MID(LEFT(TRIM($G24&""),4),ROW(INDIRECT("1:"&LEN(LEFT(TRIM($G24&""),4)))),1)))=LEN(LEFT(TRIM($G24&""),4))),"Looks like yyyy-mm-dd - StartDate must put the DAY first: dd-mm-yyyy",IF(OR(MID(TRIM($G24&""),3,1)<>MID(TRIM($G24&""),6,1),ISERROR(FIND(MID(TRIM($G24&""),3,1),"-/."))),"Separators must be in positions 3 and 6, matching, and be - or / or .",IF(NOT(AND(SUMPRODUCT(--ISNUMBER(--MID(LEFT(TRIM($G24&""),2),ROW(INDIRECT("1:"&LEN(LEFT(TRIM($G24&""),2)))),1)))=LEN(LEFT(TRIM($G24&""),2)),SUMPRODUCT(--ISNUMBER(--MID(MID(TRIM($G24&""),4,2),ROW(INDIRECT("1:"&LEN(MID(TRIM($G24&""),4,2)))),1)))=LEN(MID(TRIM($G24&""),4,2)),SUMPRODUCT(--ISNUMBER(--MID(RIGHT(TRIM($G24&""),4),ROW(INDIRECT("1:"&LEN(RIGHT(TRIM($G24&""),4)))),1)))=LEN(RIGHT(TRIM($G24&""),4)))),"Day, month and year must all be digits",IF(OR(LEFT(TRIM($G24&""),2)*1<1,LEFT(TRIM($G24&""),2)*1>31),"Day out of range - dd-mm-yyyy puts the DAY first",IF(OR(MID(TRIM($G24&""),4,2)*1<1,MID(TRIM($G24&""),4,2)*1>12),"Month out of range - dd-mm-yyyy puts the MONTH second",IF(OR(RIGHT(TRIM($G24&""),4)*1<2000,RIGHT(TRIM($G24&""),4)*1>2100),"Year out of range (2000-2100)",IF(DAY(DATE(RIGHT(TRIM($G24&""),4)*1,MID(TRIM($G24&""),4,2)*1,LEFT(TRIM($G24&""),2)*1))<>LEFT(TRIM($G24&""),2)*1,"Not a real calendar date (e.g. 31-02 or 30-02)","OK")))))))))) -> OK | Z24: =IF($P24="","",IF(SUMPRODUCT(--EXACT($P24,Config!$G$2:$G$4))>0,"OK",IF(NOT(ISNA(MATCH($P24,Config!$G$2:$G$4,0))),"WARNING: wrong capitalisation - should be """&INDEX(Config!$G$2:$G$4,MATCH($P24,Config!$G$2:$G$4,0))&""" exactly","Must be one of: Active, Deactivated, Suspended"))) -> OK | AA24: =IF($Q24="","",IF(SUMPRODUCT(--EXACT($Q24,Config!$H$2:$H$3))>0,"OK",IF(NOT(ISNA(MATCH($Q24,Config!$H$2:$H$3,0))),"WARNING: wrong capitalisation - should be """&INDEX(Config!$H$2:$H$3,MATCH($Q24,Config!$H$2:$H$3,0))&""" exactly","Must be one of: eSIM, Physical SIM"))) -> OK | AB24: =IF(IF(OR($T24="",$T24="OK"),"","PhoneNr: "&$T24&" // ")&IF(OR($W24="",$W24="OK"),"","ICC_ID: "&$W24&" // ")&IF(OR($Y24="",$Y24="OK"),"","StartDate: "&$Y24&" // ")&IF(OR($Z24="",$Z24="OK"),"","Status: "&$Z24&" // ")&IF(OR($AA24="",$AA24="OK"),"","SIM Type: "&$AA24&" // ")&IF(OR($X24="",$X24="OK"),"","IMEI: "&$X24&" // ")="","OK",LEFT(IF(OR($T24="",$T24="OK"),"","PhoneNr: "&$T24&" // ")&IF(OR($W24="",$W24="OK"),"","ICC_ID: "&$W24&" // ")&IF(OR($Y24="",$Y24="OK"),"","StartDate: "&$Y24&" // ")&IF(OR($Z24="",$Z24="OK"),"","Status: "&$Z24&" // ")&IF(OR($AA24="",$AA24="OK"),"","SIM Type: "&$AA24&" // ")&IF(OR($X24="",$X24="OK"),"","IMEI: "&$X24&" // "),LEN(IF(OR($T24="",$T24="OK"),"","PhoneNr: "&$T24&" // ")&IF(OR($W24="",$W24="OK"),"","ICC_ID: "&$W24&" // ")&IF(OR($Y24="",$Y24="OK"),"","StartDate: "&$Y24&" // ")&IF(OR($Z24="",$Z24="OK"),"","Status: "&$Z24&" // ")&IF(OR($AA24="",$AA24="OK"),"","SIM Type: "&$AA24&" // ")&IF(OR($X24="",$X24="OK"),"","IMEI: "&$X24&" // "))-6)) -> IMEI: Digits only - no +, -, spaces or any other character | AD24: IMEI: contains a letter
A25: Nils | B25: Eriksson | C25: +46701234567 | E25: 8935201234567890125 | G25: 15-03-2026 | H25: Sweden | P25: Active | Q25: Physical SIM | T25: =IF($C25="","",IF($V25="","No digits at all - enter a phone number",IF(NOT(SUMPRODUCT(--ISNUMBER(--MID($V25,ROW(INDIRECT("1:"&LEN($V25))),1)))=LEN($V25)),"Digits only - no letters or symbols (+ ( ) - . and spaces are tolerated)",IF(LEN($V25)<8,"Too short - "&LEN($V25)&" digits (min 8)",IF(LEN($V25)>15,"Too long - "&LEN($V25)&" digits (max 15)",IF($H25="","WARNING: SIM_Country is empty - cannot check the country code",IF(ISNA(MATCH($H25,tblCountries[Name],0)),"WARNING: SIM_Country """&$H25&""" is not in tblCountries",IF(LEFT($V25,LEN(TEXT(INDEX(tblCountries[DialCode],MATCH($H25,tblCountries[Name],0)),"0")))<>TEXT(INDEX(tblCountries[DialCode],MATCH($H25,tblCountries[Name],0)),"0"),"Wrong country code - must start with +"&TEXT(INDEX(tblCountries[DialCode],MATCH($H25,tblCountries[Name],0)),"0")&" for "&$H25,"OK")))))))) -> OK | U25: 352099001760890 | V25: =IF($C25="","",IF(LEFT(SUBSTITUTE(SUBSTITUTE(SUBSTITUTE(SUBSTITUTE(SUBSTITUTE(SUBSTITUTE(SUBSTITUTE(TRIM($C25&""),"+","")," ",""),"-",""),"(",""),")",""),".",""),CHAR(160),""),2)="00",MID(SUBSTITUTE(SUBSTITUTE(SUBSTITUTE(SUBSTITUTE(SUBSTITUTE(SUBSTITUTE(SUBSTITUTE(TRIM($C25&""),"+","")," ",""),"-",""),"(",""),")",""),".",""),CHAR(160),""),3,255),SUBSTITUTE(SUBSTITUTE(SUBSTITUTE(SUBSTITUTE(SUBSTITUTE(SUBSTITUTE(SUBSTITUTE(TRIM($C25&""),"+","")," ",""),"-",""),"(",""),")",""),".",""),CHAR(160),""))) -> 46701234567 | W25: =IF($E25="","",IF(ISNUMBER($E25),"Stored as a NUMBER - every digit past the 15th is already lost. Format the column as Text and re-enter.",IF(NOT(SUMPRODUCT(--ISNUMBER(--MID(TRIM($E25&""),ROW(INDIRECT("1:"&LEN(TRIM($E25&"")))),1)))=LEN(TRIM($E25&""))),"Digits only - no +, -, spaces or any other character",IF(LEFT(TRIM($E25&""),2)<>"89","Must start with 89 (ITU-T E.118 telecom prefix)",IF(LEN(TRIM($E25&""))<18,"Too short - "&LEN(TRIM($E25&""))&" digits (min 18)",IF(LEN(TRIM($E25&""))>22,"Too long - "&LEN(TRIM($E25&""))&" digits (max 22)",IF(NOT(MOD(SUMPRODUCT(MID(TRIM($E25&""),ROW(INDIRECT("1:"&LEN(TRIM($E25&"")))),1)*1*(1+MOD(LEN(TRIM($E25&""))-ROW(INDIRECT("1:"&LEN(TRIM($E25&"")))),2))-MOD(LEN(TRIM($E25&""))-ROW(INDIRECT("1:"&LEN(TRIM($E25&"")))),2)*9*(MID(TRIM($E25&""),ROW(INDIRECT("1:"&LEN(TRIM($E25&"")))),1)*1*2>9)),10)=0),"WARNING: Luhn check digit does not match - likely a typo or a transposition","OK"))))))) -> OK | X25: =IF($U25="","",IF(NOT(SUMPRODUCT(--ISNUMBER(--MID(TRIM($U25&""),ROW(INDIRECT("1:"&LEN(TRIM($U25&"")))),1)))=LEN(TRIM($U25&""))),"Digits only - no +, -, spaces or any other character",IF(LEN(TRIM($U25&""))<>15,"Must be exactly 15 digits - this one has "&LEN(TRIM($U25&"")),IF(NOT(MOD(SUMPRODUCT(MID(TRIM($U25&""),ROW(INDIRECT("1:"&LEN(TRIM($U25&"")))),1)*1*(1+MOD(LEN(TRIM($U25&""))-ROW(INDIRECT("1:"&LEN(TRIM($U25&"")))),2))-MOD(LEN(TRIM($U25&""))-ROW(INDIRECT("1:"&LEN(TRIM($U25&"")))),2)*9*(MID(TRIM($U25&""),ROW(INDIRECT("1:"&LEN(TRIM($U25&"")))),1)*1*2>9)),10)=0),"WARNING: Luhn check digit does not match - likely a typo or a transposition","OK")))) -> WARNING: Luhn check digit does not match - likely a typo or a transposition | Y25: =IF($G25="","",IF(ISNUMBER($G25),IF(OR($G25<DATE(2000,1,1),$G25>TODAY()+730),"WARNING: real date, but outside 2000-01-01 .. today+2y - check the day/month order","OK"),IF(LEN(TRIM($G25&""))<>10,"Must be dd-mm-yyyy - 10 characters, this one has "&LEN(TRIM($G25&"")),IF(AND(NOT(ISERROR(FIND(MID(TRIM($G25&""),5,1),"-/."))),NOT(ISERROR(FIND(MID(TRIM($G25&""),8,1),"-/."))),SUMPRODUCT(--ISNUMBER(--MID(LEFT(TRIM($G25&""),4),ROW(INDIRECT("1:"&LEN(LEFT(TRIM($G25&""),4)))),1)))=LEN(LEFT(TRIM($G25&""),4))),"Looks like yyyy-mm-dd - StartDate must put the DAY first: dd-mm-yyyy",IF(OR(MID(TRIM($G25&""),3,1)<>MID(TRIM($G25&""),6,1),ISERROR(FIND(MID(TRIM($G25&""),3,1),"-/."))),"Separators must be in positions 3 and 6, matching, and be - or / or .",IF(NOT(AND(SUMPRODUCT(--ISNUMBER(--MID(LEFT(TRIM($G25&""),2),ROW(INDIRECT("1:"&LEN(LEFT(TRIM($G25&""),2)))),1)))=LEN(LEFT(TRIM($G25&""),2)),SUMPRODUCT(--ISNUMBER(--MID(MID(TRIM($G25&""),4,2),ROW(INDIRECT("1:"&LEN(MID(TRIM($G25&""),4,2)))),1)))=LEN(MID(TRIM($G25&""),4,2)),SUMPRODUCT(--ISNUMBER(--MID(RIGHT(TRIM($G25&""),4),ROW(INDIRECT("1:"&LEN(RIGHT(TRIM($G25&""),4)))),1)))=LEN(RIGHT(TRIM($G25&""),4)))),"Day, month and year must all be digits",IF(OR(LEFT(TRIM($G25&""),2)*1<1,LEFT(TRIM($G25&""),2)*1>31),"Day out of range - dd-mm-yyyy puts the DAY first",IF(OR(MID(TRIM($G25&""),4,2)*1<1,MID(TRIM($G25&""),4,2)*1>12),"Month out of range - dd-mm-yyyy puts the MONTH second",IF(OR(RIGHT(TRIM($G25&""),4)*1<2000,RIGHT(TRIM($G25&""),4)*1>2100),"Year out of range (2000-2100)",IF(DAY(DATE(RIGHT(TRIM($G25&""),4)*1,MID(TRIM($G25&""),4,2)*1,LEFT(TRIM($G25&""),2)*1))<>LEFT(TRIM($G25&""),2)*1,"Not a real calendar date (e.g. 31-02 or 30-02)","OK")))))))))) -> OK | Z25: =IF($P25="","",IF(SUMPRODUCT(--EXACT($P25,Config!$G$2:$G$4))>0,"OK",IF(NOT(ISNA(MATCH($P25,Config!$G$2:$G$4,0))),"WARNING: wrong capitalisation - should be """&INDEX(Config!$G$2:$G$4,MATCH($P25,Config!$G$2:$G$4,0))&""" exactly","Must be one of: Active, Deactivated, Suspended"))) -> OK | AA25: =IF($Q25="","",IF(SUMPRODUCT(--EXACT($Q25,Config!$H$2:$H$3))>0,"OK",IF(NOT(ISNA(MATCH($Q25,Config!$H$2:$H$3,0))),"WARNING: wrong capitalisation - should be """&INDEX(Config!$H$2:$H$3,MATCH($Q25,Config!$H$2:$H$3,0))&""" exactly","Must be one of: eSIM, Physical SIM"))) -> OK | AB25: =IF(IF(OR($T25="",$T25="OK"),"","PhoneNr: "&$T25&" // ")&IF(OR($W25="",$W25="OK"),"","ICC_ID: "&$W25&" // ")&IF(OR($Y25="",$Y25="OK"),"","StartDate: "&$Y25&" // ")&IF(OR($Z25="",$Z25="OK"),"","Status: "&$Z25&" // ")&IF(OR($AA25="",$AA25="OK"),"","SIM Type: "&$AA25&" // ")&IF(OR($X25="",$X25="OK"),"","IMEI: "&$X25&" // ")="","OK",LEFT(IF(OR($T25="",$T25="OK"),"","PhoneNr: "&$T25&" // ")&IF(OR($W25="",$W25="OK"),"","ICC_ID: "&$W25&" // ")&IF(OR($Y25="",$Y25="OK"),"","StartDate: "&$Y25&" // ")&IF(OR($Z25="",$Z25="OK"),"","Status: "&$Z25&" // ")&IF(OR($AA25="",$AA25="OK"),"","SIM Type: "&$AA25&" // ")&IF(OR($X25="",$X25="OK"),"","IMEI: "&$X25&" // "),LEN(IF(OR($T25="",$T25="OK"),"","PhoneNr: "&$T25&" // ")&IF(OR($W25="",$W25="OK"),"","ICC_ID: "&$W25&" // ")&IF(OR($Y25="",$Y25="OK"),"","StartDate: "&$Y25&" // ")&IF(OR($Z25="",$Z25="OK"),"","Status: "&$Z25&" // ")&IF(OR($AA25="",$AA25="OK"),"","SIM Type: "&$AA25&" // ")&IF(OR($X25="",$X25="OK"),"","IMEI: "&$X25&" // "))-6)) -> IMEI: WARNING: Luhn check digit does not match - likely a typo or a transposition | AD25: IMEI: WARNING - Luhn check digit fails
... A28: Aoife | B28: Byrne | C28: +353871234567 | E28: 8935201234567890125 | G28: 15/03/2026 | H28: Ireland | P28: Active | Q28: eSIM | T28: =IF($C28="","",IF($V28="","No digits at all - enter a phone number",IF(NOT(SUMPRODUCT(--ISNUMBER(--MID($V28,ROW(INDIRECT("1:"&LEN($V28))),1)))=LEN($V28)),"Digits only - no letters or symbols (+ ( ) - . and spaces are tolerated)",IF(LEN($V28)<8,"Too short - "&LEN($V28)&" digits (min 8)",IF(LEN($V28)>15,"Too long - "&LEN($V28)&" digits (max 15)",IF($H28="","WARNING: SIM_Country is empty - cannot check the country code",IF(ISNA(MATCH($H28,tblCountries[Name],0)),"WARNING: SIM_Country """&$H28&""" is not in tblCountries",IF(LEFT($V28,LEN(TEXT(INDEX(tblCountries[DialCode],MATCH($H28,tblCountries[Name],0)),"0")))<>TEXT(INDEX(tblCountries[DialCode],MATCH($H28,tblCountries[Name],0)),"0"),"Wrong country code - must start with +"&TEXT(INDEX(tblCountries[DialCode],MATCH($H28,tblCountries[Name],0)),"0")&" for "&$H28,"OK")))))))) -> OK | U28: 352099001760897 | V28: =IF($C28="","",IF(LEFT(SUBSTITUTE(SUBSTITUTE(SUBSTITUTE(SUBSTITUTE(SUBSTITUTE(SUBSTITUTE(SUBSTITUTE(TRIM($C28&""),"+","")," ",""),"-",""),"(",""),")",""),".",""),CHAR(160),""),2)="00",MID(SUBSTITUTE(SUBSTITUTE(SUBSTITUTE(SUBSTITUTE(SUBSTITUTE(SUBSTITUTE(SUBSTITUTE(TRIM($C28&""),"+","")," ",""),"-",""),"(",""),")",""),".",""),CHAR(160),""),3,255),SUBSTITUTE(SUBSTITUTE(SUBSTITUTE(SUBSTITUTE(SUBSTITUTE(SUBSTITUTE(SUBSTITUTE(TRIM($C28&""),"+","")," ",""),"-",""),"(",""),")",""),".",""),CHAR(160),""))) -> 353871234567 | W28: =IF($E28="","",IF(ISNUMBER($E28),"Stored as a NUMBER - every digit past the 15th is already lost. Format the column as Text and re-enter.",IF(NOT(SUMPRODUCT(--ISNUMBER(--MID(TRIM($E28&""),ROW(INDIRECT("1:"&LEN(TRIM($E28&"")))),1)))=LEN(TRIM($E28&""))),"Digits only - no +, -, spaces or any other character",IF(LEFT(TRIM($E28&""),2)<>"89","Must start with 89 (ITU-T E.118 telecom prefix)",IF(LEN(TRIM($E28&""))<18,"Too short - "&LEN(TRIM($E28&""))&" digits (min 18)",IF(LEN(TRIM($E28&""))>22,"Too long - "&LEN(TRIM($E28&""))&" digits (max 22)",IF(NOT(MOD(SUMPRODUCT(MID(TRIM($E28&""),ROW(INDIRECT("1:"&LEN(TRIM($E28&"")))),1)*1*(1+MOD(LEN(TRIM($E28&""))-ROW(INDIRECT("1:"&LEN(TRIM($E28&"")))),2))-MOD(LEN(TRIM($E28&""))-ROW(INDIRECT("1:"&LEN(TRIM($E28&"")))),2)*9*(MID(TRIM($E28&""),ROW(INDIRECT("1:"&LEN(TRIM($E28&"")))),1)*1*2>9)),10)=0),"WARNING: Luhn check digit does not match - likely a typo or a transposition","OK"))))))) -> OK | X28: =IF($U28="","",IF(NOT(SUMPRODUCT(--ISNUMBER(--MID(TRIM($U28&""),ROW(INDIRECT("1:"&LEN(TRIM($U28&"")))),1)))=LEN(TRIM($U28&""))),"Digits only - no +, -, spaces or any other character",IF(LEN(TRIM($U28&""))<>15,"Must be exactly 15 digits - this one has "&LEN(TRIM($U28&"")),IF(NOT(MOD(SUMPRODUCT(MID(TRIM($U28&""),ROW(INDIRECT("1:"&LEN(TRIM($U28&"")))),1)*1*(1+MOD(LEN(TRIM($U28&""))-ROW(INDIRECT("1:"&LEN(TRIM($U28&"")))),2))-MOD(LEN(TRIM($U28&""))-ROW(INDIRECT("1:"&LEN(TRIM($U28&"")))),2)*9*(MID(TRIM($U28&""),ROW(INDIRECT("1:"&LEN(TRIM($U28&"")))),1)*1*2>9)),10)=0),"WARNING: Luhn check digit does not match - likely a typo or a transposition","OK")))) -> OK | Y28: =IF($G28="","",IF(ISNUMBER($G28),IF(OR($G28<DATE(2000,1,1),$G28>TODAY()+730),"WARNING: real date, but outside 2000-01-01 .. today+2y - check the day/month order","OK"),IF(LEN(TRIM($G28&""))<>10,"Must be dd-mm-yyyy - 10 characters, this one has "&LEN(TRIM($G28&"")),IF(AND(NOT(ISERROR(FIND(MID(TRIM($G28&""),5,1),"-/."))),NOT(ISERROR(FIND(MID(TRIM($G28&""),8,1),"-/."))),SUMPRODUCT(--ISNUMBER(--MID(LEFT(TRIM($G28&""),4),ROW(INDIRECT("1:"&LEN(LEFT(TRIM($G28&""),4)))),1)))=LEN(LEFT(TRIM($G28&""),4))),"Looks like yyyy-mm-dd - StartDate must put the DAY first: dd-mm-yyyy",IF(OR(MID(TRIM($G28&""),3,1)<>MID(TRIM($G28&""),6,1),ISERROR(FIND(MID(TRIM($G28&""),3,1),"-/."))),"Separators must be in positions 3 and 6, matching, and be - or / or .",IF(NOT(AND(SUMPRODUCT(--ISNUMBER(--MID(LEFT(TRIM($G28&""),2),ROW(INDIRECT("1:"&LEN(LEFT(TRIM($G28&""),2)))),1)))=LEN(LEFT(TRIM($G28&""),2)),SUMPRODUCT(--ISNUMBER(--MID(MID(TRIM($G28&""),4,2),ROW(INDIRECT("1:"&LEN(MID(TRIM($G28&""),4,2)))),1)))=LEN(MID(TRIM($G28&""),4,2)),SUMPRODUCT(--ISNUMBER(--MID(RIGHT(TRIM($G28&""),4),ROW(INDIRECT("1:"&LEN(RIGHT(TRIM($G28&""),4)))),1)))=LEN(RIGHT(TRIM($G28&""),4)))),"Day, month and year must all be digits",IF(OR(LEFT(TRIM($G28&""),2)*1<1,LEFT(TRIM($G28&""),2)*1>31),"Day out of range - dd-mm-yyyy puts the DAY first",IF(OR(MID(TRIM($G28&""),4,2)*1<1,MID(TRIM($G28&""),4,2)*1>12),"Month out of range - dd-mm-yyyy puts the MONTH second",IF(OR(RIGHT(TRIM($G28&""),4)*1<2000,RIGHT(TRIM($G28&""),4)*1>2100),"Year out of range (2000-2100)",IF(DAY(DATE(RIGHT(TRIM($G28&""),4)*1,MID(TRIM($G28&""),4,2)*1,LEFT(TRIM($G28&""),2)*1))<>LEFT(TRIM($G28&""),2)*1,"Not a real calendar date (e.g. 31-02 or 30-02)","OK")))))))))) -> OK | Z28: =IF($P28="","",IF(SUMPRODUCT(--EXACT($P28,Config!$G$2:$G$4))>0,"OK",IF(NOT(ISNA(MATCH($P28,Config!$G$2:$G$4,0))),"WARNING: wrong capitalisation - should be """&INDEX(Config!$G$2:$G$4,MATCH($P28,Config!$G$2:$G$4,0))&""" exactly","Must be one of: Active, Deactivated, Suspended"))) -> OK | AA28: =IF($Q28="","",IF(SUMPRODUCT(--EXACT($Q28,Config!$H$2:$H$3))>0,"OK",IF(NOT(ISNA(MATCH($Q28,Config!$H$2:$H$3,0))),"WARNING: wrong capitalisation - should be """&INDEX(Config!$H$2:$H$3,MATCH($Q28,Config!$H$2:$H$3,0))&""" exactly","Must be one of: eSIM, Physical SIM"))) -> OK | AB28: =IF(IF(OR($T28="",$T28="OK"),"","PhoneNr: "&$T28&" // ")&IF(OR($W28="",$W28="OK"),"","ICC_ID: "&$W28&" // ")&IF(OR($Y28="",$Y28="OK"),"","StartDate: "&$Y28&" // ")&IF(OR($Z28="",$Z28="OK"),"","Status: "&$Z28&" // ")&IF(OR($AA28="",$AA28="OK"),"","SIM Type: "&$AA28&" // ")&IF(OR($X28="",$X28="OK"),"","IMEI: "&$X28&" // ")="","OK",LEFT(IF(OR($T28="",$T28="OK"),"","PhoneNr: "&$T28&" // ")&IF(OR($W28="",$W28="OK"),"","ICC_ID: "&$W28&" // ")&IF(OR($Y28="",$Y28="OK"),"","StartDate: "&$Y28&" // ")&IF(OR($Z28="",$Z28="OK"),"","Status: "&$Z28&" // ")&IF(OR($AA28="",$AA28="OK"),"","SIM Type: "&$AA28&" // ")&IF(OR($X28="",$X28="OK"),"","IMEI: "&$X28&" // "),LEN(IF(OR($T28="",$T28="OK"),"","PhoneNr: "&$T28&" // ")&IF(OR($W28="",$W28="OK"),"","ICC_ID: "&$W28&" // ")&IF(OR($Y28="",$Y28="OK"),"","StartDate: "&$Y28&" // ")&IF(OR($Z28="",$Z28="OK"),"","Status: "&$Z28&" // ")&IF(OR($AA28="",$AA28="OK"),"","SIM Type: "&$AA28&" // ")&IF(OR($X28="",$X28="OK"),"","IMEI: "&$X28&" // "))-6)) -> OK | AD28: StartDate: slashes accepted, day-month-year
A29: Milan | B29: Horvat | C29: +385911234567 | E29: 8935201234567890125 | G29: 46096 | H29: Croatia | P29: Active | Q29: eSIM | T29: =IF($C29="","",IF($V29="","No digits at all - enter a phone number",IF(NOT(SUMPRODUCT(--ISNUMBER(--MID($V29,ROW(INDIRECT("1:"&LEN($V29))),1)))=LEN($V29)),"Digits only - no letters or symbols (+ ( ) - . and spaces are tolerated)",IF(LEN($V29)<8,"Too short - "&LEN($V29)&" digits (min 8)",IF(LEN($V29)>15,"Too long - "&LEN($V29)&" digits (max 15)",IF($H29="","WARNING: SIM_Country is empty - cannot check the country code",IF(ISNA(MATCH($H29,tblCountries[Name],0)),"WARNING: SIM_Country """&$H29&""" is not in tblCountries",IF(LEFT($V29,LEN(TEXT(INDEX(tblCountries[DialCode],MATCH($H29,tblCountries[Name],0)),"0")))<>TEXT(INDEX(tblCountries[DialCode],MATCH($H29,tblCountries[Name],0)),"0"),"Wrong country code - must start with +"&TEXT(INDEX(tblCountries[DialCode],MATCH($H29,tblCountries[Name],0)),"0")&" for "&$H29,"OK")))))))) -> OK | U29: 352099001760897 | V29: =IF($C29="","",IF(LEFT(SUBSTITUTE(SUBSTITUTE(SUBSTITUTE(SUBSTITUTE(SUBSTITUTE(SUBSTITUTE(SUBSTITUTE(TRIM($C29&""),"+","")," ",""),"-",""),"(",""),")",""),".",""),CHAR(160),""),2)="00",MID(SUBSTITUTE(SUBSTITUTE(SUBSTITUTE(SUBSTITUTE(SUBSTITUTE(SUBSTITUTE(SUBSTITUTE(TRIM($C29&""),"+","")," ",""),"-",""),"(",""),")",""),".",""),CHAR(160),""),3,255),SUBSTITUTE(SUBSTITUTE(SUBSTITUTE(SUBSTITUTE(SUBSTITUTE(SUBSTITUTE(SUBSTITUTE(TRIM($C29&""),"+","")," ",""),"-",""),"(",""),")",""),".",""),CHAR(160),""))) -> 385911234567 | W29: =IF($E29="","",IF(ISNUMBER($E29),"Stored as a NUMBER - every digit past the 15th is already lost. Format the column as Text and re-enter.",IF(NOT(SUMPRODUCT(--ISNUMBER(--MID(TRIM($E29&""),ROW(INDIRECT("1:"&LEN(TRIM($E29&"")))),1)))=LEN(TRIM($E29&""))),"Digits only - no +, -, spaces or any other character",IF(LEFT(TRIM($E29&""),2)<>"89","Must start with 89 (ITU-T E.118 telecom prefix)",IF(LEN(TRIM($E29&""))<18,"Too short - "&LEN(TRIM($E29&""))&" digits (min 18)",IF(LEN(TRIM($E29&""))>22,"Too long - "&LEN(TRIM($E29&""))&" digits (max 22)",IF(NOT(MOD(SUMPRODUCT(MID(TRIM($E29&""),ROW(INDIRECT("1:"&LEN(TRIM($E29&"")))),1)*1*(1+MOD(LEN(TRIM($E29&""))-ROW(INDIRECT("1:"&LEN(TRIM($E29&"")))),2))-MOD(LEN(TRIM($E29&""))-ROW(INDIRECT("1:"&LEN(TRIM($E29&"")))),2)*9*(MID(TRIM($E29&""),ROW(INDIRECT("1:"&LEN(TRIM($E29&"")))),1)*1*2>9)),10)=0),"WARNING: Luhn check digit does not match - likely a typo or a transposition","OK"))))))) -> OK | X29: =IF($U29="","",IF(NOT(SUMPRODUCT(--ISNUMBER(--MID(TRIM($U29&""),ROW(INDIRECT("1:"&LEN(TRIM($U29&"")))),1)))=LEN(TRIM($U29&""))),"Digits only - no +, -, spaces or any other character",IF(LEN(TRIM($U29&""))<>15,"Must be exactly 15 digits - this one has "&LEN(TRIM($U29&"")),IF(NOT(MOD(SUMPRODUCT(MID(TRIM($U29&""),ROW(INDIRECT("1:"&LEN(TRIM($U29&"")))),1)*1*(1+MOD(LEN(TRIM($U29&""))-ROW(INDIRECT("1:"&LEN(TRIM($U29&"")))),2))-MOD(LEN(TRIM($U29&""))-ROW(INDIRECT("1:"&LEN(TRIM($U29&"")))),2)*9*(MID(TRIM($U29&""),ROW(INDIRECT("1:"&LEN(TRIM($U29&"")))),1)*1*2>9)),10)=0),"WARNING: Luhn check digit does not match - likely a typo or a transposition","OK")))) -> OK | Y29: =IF($G29="","",IF(ISNUMBER($G29),IF(OR($G29<DATE(2000,1,1),$G29>TODAY()+730),"WARNING: real date, but outside 2000-01-01 .. today+2y - check the day/month order","OK"),IF(LEN(TRIM($G29&""))<>10,"Must be dd-mm-yyyy - 10 characters, this one has "&LEN(TRIM($G29&"")),IF(AND(NOT(ISERROR(FIND(MID(TRIM($G29&""),5,1),"-/."))),NOT(ISERROR(FIND(MID(TRIM($G29&""),8,1),"-/."))),SUMPRODUCT(--ISNUMBER(--MID(LEFT(TRIM($G29&""),4),ROW(INDIRECT("1:"&LEN(LEFT(TRIM($G29&""),4)))),1)))=LEN(LEFT(TRIM($G29&""),4))),"Looks like yyyy-mm-dd - StartDate must put the DAY first: dd-mm-yyyy",IF(OR(MID(TRIM($G29&""),3,1)<>MID(TRIM($G29&""),6,1),ISERROR(FIND(MID(TRIM($G29&""),3,1),"-/."))),"Separators must be in positions 3 and 6, matching, and be - or / or .",IF(NOT(AND(SUMPRODUCT(--ISNUMBER(--MID(LEFT(TRIM($G29&""),2),ROW(INDIRECT("1:"&LEN(LEFT(TRIM($G29&""),2)))),1)))=LEN(LEFT(TRIM($G29&""),2)),SUMPRODUCT(--ISNUMBER(--MID(MID(TRIM($G29&""),4,2),ROW(INDIRECT("1:"&LEN(MID(TRIM($G29&""),4,2)))),1)))=LEN(MID(TRIM($G29&""),4,2)),SUMPRODUCT(--ISNUMBER(--MID(RIGHT(TRIM($G29&""),4),ROW(INDIRECT("1:"&LEN(RIGHT(TRIM($G29&""),4)))),1)))=LEN(RIGHT(TRIM($G29&""),4)))),"Day, month and year must all be digits",IF(OR(LEFT(TRIM($G29&""),2)*1<1,LEFT(TRIM($G29&""),2)*1>31),"Day out of range - dd-mm-yyyy puts the DAY first",IF(OR(MID(TRIM($G29&""),4,2)*1<1,MID(TRIM($G29&""),4,2)*1>12),"Month out of range - dd-mm-yyyy puts the MONTH second",IF(OR(RIGHT(TRIM($G29&""),4)*1<2000,RIGHT(TRIM($G29&""),4)*1>2100),"Year out of range (2000-2100)",IF(DAY(DATE(RIGHT(TRIM($G29&""),4)*1,MID(TRIM($G29&""),4,2)*1,LEFT(TRIM($G29&""),2)*1))<>LEFT(TRIM($G29&""),2)*1,"Not a real calendar date (e.g. 31-02 or 30-02)","OK")))))))))) -> OK | Z29: =IF($P29="","",IF(SUMPRODUCT(--EXACT($P29,Config!$G$2:$G$4))>0,"OK",IF(NOT(ISNA(MATCH($P29,Config!$G$2:$G$4,0))),"WARNING: wrong capitalisation - should be """&INDEX(Config!$G$2:$G$4,MATCH($P29,Config!$G$2:$G$4,0))&""" exactly","Must be one of: Active, Deactivated, Suspended"))) -> OK | AA29: =IF($Q29="","",IF(SUMPRODUCT(--EXACT($Q29,Config!$H$2:$H$3))>0,"OK",IF(NOT(ISNA(MATCH($Q29,Config!$H$2:$H$3,0))),"WARNING: wrong capitalisation - should be """&INDEX(Config!$H$2:$H$3,MATCH($Q29,Config!$H$2:$H$3,0))&""" exactly","Must be one of: eSIM, Physical SIM"))) -> OK | AB29: =IF(IF(OR($T29="",$T29="OK"),"","PhoneNr: "&$T29&" // ")&IF(OR($W29="",$W29="OK"),"","ICC_ID: "&$W29&" // ")&IF(OR($Y29="",$Y29="OK"),"","StartDate: "&$Y29&" // ")&IF(OR($Z29="",$Z29="OK"),"","Status: "&$Z29&" // ")&IF(OR($AA29="",$AA29="OK"),"","SIM Type: "&$AA29&" // ")&IF(OR($X29="",$X29="OK"),"","IMEI: "&$X29&" // ")="","OK",LEFT(IF(OR($T29="",$T29="OK"),"","PhoneNr: "&$T29&" // ")&IF(OR($W29="",$W29="OK"),"","ICC_ID: "&$W29&" // ")&IF(OR($Y29="",$Y29="OK"),"","StartDate: "&$Y29&" // ")&IF(OR($Z29="",$Z29="OK"),"","Status: "&$Z29&" // ")&IF(OR($AA29="",$AA29="OK"),"","SIM Type: "&$AA29&" // ")&IF(OR($X29="",$X29="OK"),"","IMEI: "&$X29&" // "),LEN(IF(OR($T29="",$T29="OK"),"","PhoneNr: "&$T29&" // ")&IF(OR($W29="",$W29="OK"),"","ICC_ID: "&$W29&" // ")&IF(OR($Y29="",$Y29="OK"),"","StartDate: "&$Y29&" // ")&IF(OR($Z29="",$Z29="OK"),"","Status: "&$Z29&" // ")&IF(OR($AA29="",$AA29="OK"),"","SIM Type: "&$AA29&" // ")&IF(OR($X29="",$X29="OK"),"","IMEI: "&$X29&" // "))-6)) -> OK | AD29: StartDate: a real Excel date
A30: Eva | B30: Kovac | C30: +386401234567 | E30: 8935201234567890125 | G30: 5-3-2026 | H30: Slovenia | P30: Active | Q30: eSIM | T30: =IF($C30="","",IF($V30="","No digits at all - enter a phone number",IF(NOT(SUMPRODUCT(--ISNUMBER(--MID($V30,ROW(INDIRECT("1:"&LEN($V30))),1)))=LEN($V30)),"Digits only - no letters or symbols (+ ( ) - . and spaces are tolerated)",IF(LEN($V30)<8,"Too short - "&LEN($V30)&" digits (min 8)",IF(LEN($V30)>15,"Too long - "&LEN($V30)&" digits (max 15)",IF($H30="","WARNING: SIM_Country is empty - cannot check the country code",IF(ISNA(MATCH($H30,tblCountries[Name],0)),"WARNING: SIM_Country """&$H30&""" is not in tblCountries",IF(LEFT($V30,LEN(TEXT(INDEX(tblCountries[DialCode],MATCH($H30,tblCountries[Name],0)),"0")))<>TEXT(INDEX(tblCountries[DialCode],MATCH($H30,tblCountries[Name],0)),"0"),"Wrong country code - must start with +"&TEXT(INDEX(tblCountries[DialCode],MATCH($H30,tblCountries[Name],0)),"0")&" for "&$H30,"OK")))))))) -> OK | U30: 352099001760897 | V30: =IF($C30="","",IF(LEFT(SUBSTITUTE(SUBSTITUTE(SUBSTITUTE(SUBSTITUTE(SUBSTITUTE(SUBSTITUTE(SUBSTITUTE(TRIM($C30&""),"+","")," ",""),"-",""),"(",""),")",""),".",""),CHAR(160),""),2)="00",MID(SUBSTITUTE(SUBSTITUTE(SUBSTITUTE(SUBSTITUTE(SUBSTITUTE(SUBSTITUTE(SUBSTITUTE(TRIM($C30&""),"+","")," ",""),"-",""),"(",""),")",""),".",""),CHAR(160),""),3,255),SUBSTITUTE(SUBSTITUTE(SUBSTITUTE(SUBSTITUTE(SUBSTITUTE(SUBSTITUTE(SUBSTITUTE(TRIM($C30&""),"+","")," ",""),"-",""),"(",""),")",""),".",""),CHAR(160),""))) -> 386401234567 | W30: =IF($E30="","",IF(ISNUMBER($E30),"Stored as a NUMBER - every digit past the 15th is already lost. Format the column as Text and re-enter.",IF(NOT(SUMPRODUCT(--ISNUMBER(--MID(TRIM($E30&""),ROW(INDIRECT("1:"&LEN(TRIM($E30&"")))),1)))=LEN(TRIM($E30&""))),"Digits only - no +, -, spaces or any other character",IF(LEFT(TRIM($E30&""),2)<>"89","Must start with 89 (ITU-T E.118 telecom prefix)",IF(LEN(TRIM($E30&""))<18,"Too short - "&LEN(TRIM($E30&""))&" digits (min 18)",IF(LEN(TRIM($E30&""))>22,"Too long - "&LEN(TRIM($E30&""))&" digits (max 22)",IF(NOT(MOD(SUMPRODUCT(MID(TRIM($E30&""),ROW(INDIRECT("1:"&LEN(TRIM($E30&"")))),1)*1*(1+MOD(LEN(TRIM($E30&""))-ROW(INDIRECT("1:"&LEN(TRIM($E30&"")))),2))-MOD(LEN(TRIM($E30&""))-ROW(INDIRECT("1:"&LEN(TRIM($E30&"")))),2)*9*(MID(TRIM($E30&""),ROW(INDIRECT("1:"&LEN(TRIM($E30&"")))),1)*1*2>9)),10)=0),"WARNING: Luhn check digit does not match - likely a typo or a transposition","OK"))))))) -> OK | X30: =IF($U30="","",IF(NOT(SUMPRODUCT(--ISNUMBER(--MID(TRIM($U30&""),ROW(INDIRECT("1:"&LEN(TRIM($U30&"")))),1)))=LEN(TRIM($U30&""))),"Digits only - no +, -, spaces or any other character",IF(LEN(TRIM($U30&""))<>15,"Must be exactly 15 digits - this one has "&LEN(TRIM($U30&"")),IF(NOT(MOD(SUMPRODUCT(MID(TRIM($U30&""),ROW(INDIRECT("1:"&LEN(TRIM($U30&"")))),1)*1*(1+MOD(LEN(TRIM($U30&""))-ROW(INDIRECT("1:"&LEN(TRIM($U30&"")))),2))-MOD(LEN(TRIM($U30&""))-ROW(INDIRECT("1:"&LEN(TRIM($U30&"")))),2)*9*(MID(TRIM($U30&""),ROW(INDIRECT("1:"&LEN(TRIM($U30&"")))),1)*1*2>9)),10)=0),"WARNING: Luhn check digit does not match - likely a typo or a transposition","OK")))) -> OK | Y30: =IF($G30="","",IF(ISNUMBER($G30),IF(OR($G30<DATE(2000,1,1),$G30>TODAY()+730),"WARNING: real date, but outside 2000-01-01 .. today+2y - check the day/month order","OK"),IF(LEN(TRIM($G30&""))<>10,"Must be dd-mm-yyyy - 10 characters, this one has "&LEN(TRIM($G30&"")),IF(AND(NOT(ISERROR(FIND(MID(TRIM($G30&""),5,1),"-/."))),NOT(ISERROR(FIND(MID(TRIM($G30&""),8,1),"-/."))),SUMPRODUCT(--ISNUMBER(--MID(LEFT(TRIM($G30&""),4),ROW(INDIRECT("1:"&LEN(LEFT(TRIM($G30&""),4)))),1)))=LEN(LEFT(TRIM($G30&""),4))),"Looks like yyyy-mm-dd - StartDate must put the DAY first: dd-mm-yyyy",IF(OR(MID(TRIM($G30&""),3,1)<>MID(TRIM($G30&""),6,1),ISERROR(FIND(MID(TRIM($G30&""),3,1),"-/."))),"Separators must be in positions 3 and 6, matching, and be - or / or .",IF(NOT(AND(SUMPRODUCT(--ISNUMBER(--MID(LEFT(TRIM($G30&""),2),ROW(INDIRECT("1:"&LEN(LEFT(TRIM($G30&""),2)))),1)))=LEN(LEFT(TRIM($G30&""),2)),SUMPRODUCT(--ISNUMBER(--MID(MID(TRIM($G30&""),4,2),ROW(INDIRECT("1:"&LEN(MID(TRIM($G30&""),4,2)))),1)))=LEN(MID(TRIM($G30&""),4,2)),SUMPRODUCT(--ISNUMBER(--MID(RIGHT(TRIM($G30&""),4),ROW(INDIRECT("1:"&LEN(RIGHT(TRIM($G30&""),4)))),1)))=LEN(RIGHT(TRIM($G30&""),4)))),"Day, month and year must all be digits",IF(OR(LEFT(TRIM($G30&""),2)*1<1,LEFT(TRIM($G30&""),2)*1>31),"Day out of range - dd-mm-yyyy puts the DAY first",IF(OR(MID(TRIM($G30&""),4,2)*1<1,MID(TRIM($G30&""),4,2)*1>12),"Month out of range - dd-mm-yyyy puts the MONTH second",IF(OR(RIGHT(TRIM($G30&""),4)*1<2000,RIGHT(TRIM($G30&""),4)*1>2100),"Year out of range (2000-2100)",IF(DAY(DATE(RIGHT(TRIM($G30&""),4)*1,MID(TRIM($G30&""),4,2)*1,LEFT(TRIM($G30&""),2)*1))<>LEFT(TRIM($G30&""),2)*1,"Not a real calendar date (e.g. 31-02 or 30-02)","OK")))))))))) -> Must be dd-mm-yyyy - 10 characters, this one has 8 | Z30: =IF($P30="","",IF(SUMPRODUCT(--EXACT($P30,Config!$G$2:$G$4))>0,"OK",IF(NOT(ISNA(MATCH($P30,Config!$G$2:$G$4,0))),"WARNING: wrong capitalisation - should be """&INDEX(Config!$G$2:$G$4,MATCH($P30,Config!$G$2:$G$4,0))&""" exactly","Must be one of: Active, Deactivated, Suspended"))) -> OK | AA30: =IF($Q30="","",IF(SUMPRODUCT(--EXACT($Q30,Config!$H$2:$H$3))>0,"OK",IF(NOT(ISNA(MATCH($Q30,Config!$H$2:$H$3,0))),"WARNING: wrong capitalisation - should be """&INDEX(Config!$H$2:$H$3,MATCH($Q30,Config!$H$2:$H$3,0))&""" exactly","Must be one of: eSIM, Physical SIM"))) -> OK | AB30: =IF(IF(OR($T30="",$T30="OK"),"","PhoneNr: "&$T30&" // ")&IF(OR($W30="",$W30="OK"),"","ICC_ID: "&$W30&" // ")&IF(OR($Y30="",$Y30="OK"),"","StartDate: "&$Y30&" // ")&IF(OR($Z30="",$Z30="OK"),"","Status: "&$Z30&" // ")&IF(OR($AA30="",$AA30="OK"),"","SIM Type: "&$AA30&" // ")&IF(OR($X30="",$X30="OK"),"","IMEI: "&$X30&" // ")="","OK",LEFT(IF(OR($T30="",$T30="OK"),"","PhoneNr: "&$T30&" // ")&IF(OR($W30="",$W30="OK"),"","ICC_ID: "&$W30&" // ")&IF(OR($Y30="",$Y30="OK"),"","StartDate: "&$Y30&" // ")&IF(OR($Z30="",$Z30="OK"),"","Status: "&$Z30&" // ")&IF(OR($AA30="",$AA30="OK"),"","SIM Type: "&$AA30&" // ")&IF(OR($X30="",$X30="OK"),"","IMEI: "&$X30&" // "),LEN(IF(OR($T30="",$T30="OK"),"","PhoneNr: "&$T30&" // ")&IF(OR($W30="",$W30="OK"),"","ICC_ID: "&$W30&" // ")&IF(OR($Y30="",$Y30="OK"),"","StartDate: "&$Y30&" // ")&IF(OR($Z30="",$Z30="OK"),"","Status: "&$Z30&" // ")&IF(OR($AA30="",$AA30="OK"),"","SIM Type: "&$AA30&" // ")&IF(OR($X30="",$X30="OK"),"","IMEI: "&$X30&" // "))-6)) -> StartDate: Must be dd-mm-yyyy - 10 characters, this one has 8 | AD30: StartDate: single-digit day/month, not dd-mm-yyyy
A31: Jonas | B31: Weber | C31: +4915112345679 | E31: 8935201234567890125 | G31: 15-03-2026 | H31: Germany | P31: active | Q31: eSIM | T31: =IF($C31="","",IF($V31="","No digits at all - enter a phone number",IF(NOT(SUMPRODUCT(--ISNUMBER(--MID($V31,ROW(INDIRECT("1:"&LEN($V31))),1)))=LEN($V31)),"Digits only - no letters or symbols (+ ( ) - . and spaces are tolerated)",IF(LEN($V31)<8,"Too short - "&LEN($V31)&" digits (min 8)",IF(LEN($V31)>15,"Too long - "&LEN($V31)&" digits (max 15)",IF($H31="","WARNING: SIM_Country is empty - cannot check the country code",IF(ISNA(MATCH($H31,tblCountries[Name],0)),"WARNING: SIM_Country """&$H31&""" is not in tblCountries",IF(LEFT($V31,LEN(TEXT(INDEX(tblCountries[DialCode],MATCH($H31,tblCountries[Name],0)),"0")))<>TEXT(INDEX(tblCountries[DialCode],MATCH($H31,tblCountries[Name],0)),"0"),"Wrong country code - must start with +"&TEXT(INDEX(tblCountries[DialCode],MATCH($H31,tblCountries[Name],0)),"0")&" for "&$H31,"OK")))))))) -> OK | U31: 352099001760897 | V31: =IF($C31="","",IF(LEFT(SUBSTITUTE(SUBSTITUTE(SUBSTITUTE(SUBSTITUTE(SUBSTITUTE(SUBSTITUTE(SUBSTITUTE(TRIM($C31&""),"+","")," ",""),"-",""),"(",""),")",""),".",""),CHAR(160),""),2)="00",MID(SUBSTITUTE(SUBSTITUTE(SUBSTITUTE(SUBSTITUTE(SUBSTITUTE(SUBSTITUTE(SUBSTITUTE(TRIM($C31&""),"+","")," ",""),"-",""),"(",""),")",""),".",""),CHAR(160),""),3,255),SUBSTITUTE(SUBSTITUTE(SUBSTITUTE(SUBSTITUTE(SUBSTITUTE(SUBSTITUTE(SUBSTITUTE(TRIM($C31&""),"+","")," ",""),"-",""),"(",""),")",""),".",""),CHAR(160),""))) -> 4915112345679 | W31: =IF($E31="","",IF(ISNUMBER($E31),"Stored as a NUMBER - every digit past the 15th is already lost. Format the column as Text and re-enter.",IF(NOT(SUMPRODUCT(--ISNUMBER(--MID(TRIM($E31&""),ROW(INDIRECT("1:"&LEN(TRIM($E31&"")))),1)))=LEN(TRIM($E31&""))),"Digits only - no +, -, spaces or any other character",IF(LEFT(TRIM($E31&""),2)<>"89","Must start with 89 (ITU-T E.118 telecom prefix)",IF(LEN(TRIM($E31&""))<18,"Too short - "&LEN(TRIM($E31&""))&" digits (min 18)",IF(LEN(TRIM($E31&""))>22,"Too long - "&LEN(TRIM($E31&""))&" digits (max 22)",IF(NOT(MOD(SUMPRODUCT(MID(TRIM($E31&""),ROW(INDIRECT("1:"&LEN(TRIM($E31&"")))),1)*1*(1+MOD(LEN(TRIM($E31&""))-ROW(INDIRECT("1:"&LEN(TRIM($E31&"")))),2))-MOD(LEN(TRIM($E31&""))-ROW(INDIRECT("1:"&LEN(TRIM($E31&"")))),2)*9*(MID(TRIM($E31&""),ROW(INDIRECT("1:"&LEN(TRIM($E31&"")))),1)*1*2>9)),10)=0),"WARNING: Luhn check digit does not match - likely a typo or a transposition","OK"))))))) -> OK | X31: =IF($U31="","",IF(NOT(SUMPRODUCT(--ISNUMBER(--MID(TRIM($U31&""),ROW(INDIRECT("1:"&LEN(TRIM($U31&"")))),1)))=LEN(TRIM($U31&""))),"Digits only - no +, -, spaces or any other character",IF(LEN(TRIM($U31&""))<>15,"Must be exactly 15 digits - this one has "&LEN(TRIM($U31&"")),IF(NOT(MOD(SUMPRODUCT(MID(TRIM($U31&""),ROW(INDIRECT("1:"&LEN(TRIM($U31&"")))),1)*1*(1+MOD(LEN(TRIM($U31&""))-ROW(INDIRECT("1:"&LEN(TRIM($U31&"")))),2))-MOD(LEN(TRIM($U31&""))-ROW(INDIRECT("1:"&LEN(TRIM($U31&"")))),2)*9*(MID(TRIM($U31&""),ROW(INDIRECT("1:"&LEN(TRIM($U31&"")))),1)*1*2>9)),10)=0),"WARNING: Luhn check digit does not match - likely a typo or a transposition","OK")))) -> OK | Y31: =IF($G31="","",IF(ISNUMBER($G31),IF(OR($G31<DATE(2000,1,1),$G31>TODAY()+730),"WARNING: real date, but outside 2000-01-01 .. today+2y - check the day/month order","OK"),IF(LEN(TRIM($G31&""))<>10,"Must be dd-mm-yyyy - 10 characters, this one has "&LEN(TRIM($G31&"")),IF(AND(NOT(ISERROR(FIND(MID(TRIM($G31&""),5,1),"-/."))),NOT(ISERROR(FIND(MID(TRIM($G31&""),8,1),"-/."))),SUMPRODUCT(--ISNUMBER(--MID(LEFT(TRIM($G31&""),4),ROW(INDIRECT("1:"&LEN(LEFT(TRIM($G31&""),4)))),1)))=LEN(LEFT(TRIM($G31&""),4))),"Looks like yyyy-mm-dd - StartDate must put the DAY first: dd-mm-yyyy",IF(OR(MID(TRIM($G31&""),3,1)<>MID(TRIM($G31&""),6,1),ISERROR(FIND(MID(TRIM($G31&""),3,1),"-/."))),"Separators must be in positions 3 and 6, matching, and be - or / or .",IF(NOT(AND(SUMPRODUCT(--ISNUMBER(--MID(LEFT(TRIM($G31&""),2),ROW(INDIRECT("1:"&LEN(LEFT(TRIM($G31&""),2)))),1)))=LEN(LEFT(TRIM($G31&""),2)),SUMPRODUCT(--ISNUMBER(--MID(MID(TRIM($G31&""),4,2),ROW(INDIRECT("1:"&LEN(MID(TRIM($G31&""),4,2)))),1)))=LEN(MID(TRIM($G31&""),4,2)),SUMPRODUCT(--ISNUMBER(--MID(RIGHT(TRIM($G31&""),4),ROW(INDIRECT("1:"&LEN(RIGHT(TRIM($G31&""),4)))),1)))=LEN(RIGHT(TRIM($G31&""),4)))),"Day, month and year must all be digits",IF(OR(LEFT(TRIM($G31&""),2)*1<1,LEFT(TRIM($G31&""),2)*1>31),"Day out of range - dd-mm-yyyy puts the DAY first",IF(OR(MID(TRIM($G31&""),4,2)*1<1,MID(TRIM($G31&""),4,2)*1>12),"Month out of range - dd-mm-yyyy puts the MONTH second",IF(OR(RIGHT(TRIM($G31&""),4)*1<2000,RIGHT(TRIM($G31&""),4)*1>2100),"Year out of range (2000-2100)",IF(DAY(DATE(RIGHT(TRIM($G31&""),4)*1,MID(TRIM($G31&""),4,2)*1,LEFT(TRIM($G31&""),2)*1))<>LEFT(TRIM($G31&""),2)*1,"Not a real calendar date (e.g. 31-02 or 30-02)","OK")))))))))) -> OK | Z31: =IF($P31="","",IF(SUMPRODUCT(--EXACT($P31,Config!$G$2:$G$4))>0,"OK",IF(NOT(ISNA(MATCH($P31,Config!$G$2:$G$4,0))),"WARNING: wrong capitalisation - should be """&INDEX(Config!$G$2:$G$4,MATCH($P31,Config!$G$2:$G$4,0))&""" exactly","Must be one of: Active, Deactivated, Suspended"))) -> WARNING: wrong capitalisation - should be "Active" exactly | AA31: =IF($Q31="","",IF(SUMPRODUCT(--EXACT($Q31,Config!$H$2:$H$3))>0,"OK",IF(NOT(ISNA(MATCH($Q31,Config!$H$2:$H$3,0))),"WARNING: wrong capitalisation - should be """&INDEX(Config!$H$2:$H$3,MATCH($Q31,Config!$H$2:$H$3,0))&""" exactly","Must be one of: eSIM, Physical SIM"))) -> OK | AB31: =IF(IF(OR($T31="",$T31="OK"),"","PhoneNr: "&$T31&" // ")&IF(OR($W31="",$W31="OK"),"","ICC_ID: "&$W31&" // ")&IF(OR($Y31="",$Y31="OK"),"","StartDate: "&$Y31&" // ")&IF(OR($Z31="",$Z31="OK"),"","Status: "&$Z31&" // ")&IF(OR($AA31="",$AA31="OK"),"","SIM Type: "&$AA31&" // ")&IF(OR($X31="",$X31="OK"),"","IMEI: "&$X31&" // ")="","OK",LEFT(IF(OR($T31="",$T31="OK"),"","PhoneNr: "&$T31&" // ")&IF(OR($W31="",$W31="OK"),"","ICC_ID: "&$W31&" // ")&IF(OR($Y31="",$Y31="OK"),"","StartDate: "&$Y31&" // ")&IF(OR($Z31="",$Z31="OK"),"","Status: "&$Z31&" // ")&IF(OR($AA31="",$AA31="OK"),"","SIM Type: "&$AA31&" // ")&IF(OR($X31="",$X31="OK"),"","IMEI: "&$X31&" // "),LEN(IF(OR($T31="",$T31="OK"),"","PhoneNr: "&$T31&" // ")&IF(OR($W31="",$W31="OK"),"","ICC_ID: "&$W31&" // ")&IF(OR($Y31="",$Y31="OK"),"","StartDate: "&$Y31&" // ")&IF(OR($Z31="",$Z31="OK"),"","Status: "&$Z31&" // ")&IF(OR($AA31="",$AA31="OK"),"","SIM Type: "&$AA31&" // ")&IF(OR($X31="",$X31="OK"),"","IMEI: "&$X31&" // "))-6)) -> Status: WARNING: wrong capitalisation - should be "Active" exactly | AD31: Status: WARNING - wrong capitalisation
A32: Marta | B32: Ruiz | C32: +34612345678 | E32: 8935201234567890125 | G32: 15-03-2026 | H32: Spain | P32: Cancelled | Q32: eSIM | T32: =IF($C32="","",IF($V32="","No digits at all - enter a phone number",IF(NOT(SUMPRODUCT(--ISNUMBER(--MID($V32,ROW(INDIRECT("1:"&LEN($V32))),1)))=LEN($V32)),"Digits only - no letters or symbols (+ ( ) - . and spaces are tolerated)",IF(LEN($V32)<8,"Too short - "&LEN($V32)&" digits (min 8)",IF(LEN($V32)>15,"Too long - "&LEN($V32)&" digits (max 15)",IF($H32="","WARNING: SIM_Country is empty - cannot check the country code",IF(ISNA(MATCH($H32,tblCountries[Name],0)),"WARNING: SIM_Country """&$H32&""" is not in tblCountries",IF(LEFT($V32,LEN(TEXT(INDEX(tblCountries[DialCode],MATCH($H32,tblCountries[Name],0)),"0")))<>TEXT(INDEX(tblCountries[DialCode],MATCH($H32,tblCountries[Name],0)),"0"),"Wrong country code - must start with +"&TEXT(INDEX(tblCountries[DialCode],MATCH($H32,tblCountries[Name],0)),"0")&" for "&$H32,"OK")))))))) -> OK | U32: 352099001760897 | V32: =IF($C32="","",IF(LEFT(SUBSTITUTE(SUBSTITUTE(SUBSTITUTE(SUBSTITUTE(SUBSTITUTE(SUBSTITUTE(SUBSTITUTE(TRIM($C32&""),"+","")," ",""),"-",""),"(",""),")",""),".",""),CHAR(160),""),2)="00",MID(SUBSTITUTE(SUBSTITUTE(SUBSTITUTE(SUBSTITUTE(SUBSTITUTE(SUBSTITUTE(SUBSTITUTE(TRIM($C32&""),"+","")," ",""),"-",""),"(",""),")",""),".",""),CHAR(160),""),3,255),SUBSTITUTE(SUBSTITUTE(SUBSTITUTE(SUBSTITUTE(SUBSTITUTE(SUBSTITUTE(SUBSTITUTE(TRIM($C32&""),"+","")," ",""),"-",""),"(",""),")",""),".",""),CHAR(160),""))) -> 34612345678 | W32: =IF($E32="","",IF(ISNUMBER($E32),"Stored as a NUMBER - every digit past the 15th is already lost. Format the column as Text and re-enter.",IF(NOT(SUMPRODUCT(--ISNUMBER(--MID(TRIM($E32&""),ROW(INDIRECT("1:"&LEN(TRIM($E32&"")))),1)))=LEN(TRIM($E32&""))),"Digits only - no +, -, spaces or any other character",IF(LEFT(TRIM($E32&""),2)<>"89","Must start with 89 (ITU-T E.118 telecom prefix)",IF(LEN(TRIM($E32&""))<18,"Too short - "&LEN(TRIM($E32&""))&" digits (min 18)",IF(LEN(TRIM($E32&""))>22,"Too long - "&LEN(TRIM($E32&""))&" digits (max 22)",IF(NOT(MOD(SUMPRODUCT(MID(TRIM($E32&""),ROW(INDIRECT("1:"&LEN(TRIM($E32&"")))),1)*1*(1+MOD(LEN(TRIM($E32&""))-ROW(INDIRECT("1:"&LEN(TRIM($E32&"")))),2))-MOD(LEN(TRIM($E32&""))-ROW(INDIRECT("1:"&LEN(TRIM($E32&"")))),2)*9*(MID(TRIM($E32&""),ROW(INDIRECT("1:"&LEN(TRIM($E32&"")))),1)*1*2>9)),10)=0),"WARNING: Luhn check digit does not match - likely a typo or a transposition","OK"))))))) -> OK | X32: =IF($U32="","",IF(NOT(SUMPRODUCT(--ISNUMBER(--MID(TRIM($U32&""),ROW(INDIRECT("1:"&LEN(TRIM($U32&"")))),1)))=LEN(TRIM($U32&""))),"Digits only - no +, -, spaces or any other character",IF(LEN(TRIM($U32&""))<>15,"Must be exactly 15 digits - this one has "&LEN(TRIM($U32&"")),IF(NOT(MOD(SUMPRODUCT(MID(TRIM($U32&""),ROW(INDIRECT("1:"&LEN(TRIM($U32&"")))),1)*1*(1+MOD(LEN(TRIM($U32&""))-ROW(INDIRECT("1:"&LEN(TRIM($U32&"")))),2))-MOD(LEN(TRIM($U32&""))-ROW(INDIRECT("1:"&LEN(TRIM($U32&"")))),2)*9*(MID(TRIM($U32&""),ROW(INDIRECT("1:"&LEN(TRIM($U32&"")))),1)*1*2>9)),10)=0),"WARNING: Luhn check digit does not match - likely a typo or a transposition","OK")))) -> OK | Y32: =IF($G32="","",IF(ISNUMBER($G32),IF(OR($G32<DATE(2000,1,1),$G32>TODAY()+730),"WARNING: real date, but outside 2000-01-01 .. today+2y - check the day/month order","OK"),IF(LEN(TRIM($G32&""))<>10,"Must be dd-mm-yyyy - 10 characters, this one has "&LEN(TRIM($G32&"")),IF(AND(NOT(ISERROR(FIND(MID(TRIM($G32&""),5,1),"-/."))),NOT(ISERROR(FIND(MID(TRIM($G32&""),8,1),"-/."))),SUMPRODUCT(--ISNUMBER(--MID(LEFT(TRIM($G32&""),4),ROW(INDIRECT("1:"&LEN(LEFT(TRIM($G32&""),4)))),1)))=LEN(LEFT(TRIM($G32&""),4))),"Looks like yyyy-mm-dd - StartDate must put the DAY first: dd-mm-yyyy",IF(OR(MID(TRIM($G32&""),3,1)<>MID(TRIM($G32&""),6,1),ISERROR(FIND(MID(TRIM($G32&""),3,1),"-/."))),"Separators must be in positions 3 and 6, matching, and be - or / or .",IF(NOT(AND(SUMPRODUCT(--ISNUMBER(--MID(LEFT(TRIM($G32&""),2),ROW(INDIRECT("1:"&LEN(LEFT(TRIM($G32&""),2)))),1)))=LEN(LEFT(TRIM($G32&""),2)),SUMPRODUCT(--ISNUMBER(--MID(MID(TRIM($G32&""),4,2),ROW(INDIRECT("1:"&LEN(MID(TRIM($G32&""),4,2)))),1)))=LEN(MID(TRIM($G32&""),4,2)),SUMPRODUCT(--ISNUMBER(--MID(RIGHT(TRIM($G32&""),4),ROW(INDIRECT("1:"&LEN(RIGHT(TRIM($G32&""),4)))),1)))=LEN(RIGHT(TRIM($G32&""),4)))),"Day, month and year must all be digits",IF(OR(LEFT(TRIM($G32&""),2)*1<1,LEFT(TRIM($G32&""),2)*1>31),"Day out of range - dd-mm-yyyy puts the DAY first",IF(OR(MID(TRIM($G32&""),4,2)*1<1,MID(TRIM($G32&""),4,2)*1>12),"Month out of range - dd-mm-yyyy puts the MONTH second",IF(OR(RIGHT(TRIM($G32&""),4)*1<2000,RIGHT(TRIM($G32&""),4)*1>2100),"Year out of range (2000-2100)",IF(DAY(DATE(RIGHT(TRIM($G32&""),4)*1,MID(TRIM($G32&""),4,2)*1,LEFT(TRIM($G32&""),2)*1))<>LEFT(TRIM($G32&""),2)*1,"Not a real calendar date (e.g. 31-02 or 30-02)","OK")))))))))) -> OK | Z32: =IF($P32="","",IF(SUMPRODUCT(--EXACT($P32,Config!$G$2:$G$4))>0,"OK",IF(NOT(ISNA(MATCH($P32,Config!$G$2:$G$4,0))),"WARNING: wrong capitalisation - should be """&INDEX(Config!$G$2:$G$4,MATCH($P32,Config!$G$2:$G$4,0))&""" exactly","Must be one of: Active, Deactivated, Suspended"))) -> Must be one of: Active, Deactivated, Suspended | AA32: =IF($Q32="","",IF(SUMPRODUCT(--EXACT($Q32,Config!$H$2:$H$3))>0,"OK",IF(NOT(ISNA(MATCH($Q32,Config!$H$2:$H$3,0))),"WARNING: wrong capitalisation - should be """&INDEX(Config!$H$2:$H$3,MATCH($Q32,Config!$H$2:$H$3,0))&""" exactly","Must be one of: eSIM, Physical SIM"))) -> OK | AB32: =IF(IF(OR($T32="",$T32="OK"),"","PhoneNr: "&$T32&" // ")&IF(OR($W32="",$W32="OK"),"","ICC_ID: "&$W32&" // ")&IF(OR($Y32="",$Y32="OK"),"","StartDate: "&$Y32&" // ")&IF(OR($Z32="",$Z32="OK"),"","Status: "&$Z32&" // ")&IF(OR($AA32="",$AA32="OK"),"","SIM Type: "&$AA32&" // ")&IF(OR($X32="",$X32="OK"),"","IMEI: "&$X32&" // ")="","OK",LEFT(IF(OR($T32="",$T32="OK"),"","PhoneNr: "&$T32&" // ")&IF(OR($W32="",$W32="OK"),"","ICC_ID: "&$W32&" // ")&IF(OR($Y32="",$Y32="OK"),"","StartDate: "&$Y32&" // ")&IF(OR($Z32="",$Z32="OK"),"","Status: "&$Z32&" // ")&IF(OR($AA32="",$AA32="OK"),"","SIM Type: "&$AA32&" // ")&IF(OR($X32="",$X32="OK"),"","IMEI: "&$X32&" // "),LEN(IF(OR($T32="",$T32="OK"),"","PhoneNr: "&$T32&" // ")&IF(OR($W32="",$W32="OK"),"","ICC_ID: "&$W32&" // ")&IF(OR($Y32="",$Y32="OK"),"","StartDate: "&$Y32&" // ")&IF(OR($Z32="",$Z32="OK"),"","Status: "&$Z32&" // ")&IF(OR($AA32="",$AA32="OK"),"","SIM Type: "&$AA32&" // ")&IF(OR($X32="",$X32="OK"),"","IMEI: "&$X32&" // "))-6)) -> Status: Must be one of: Active, Deactivated, Suspended | AD32: Status: not an allowed value
A33: Finn | B33: Olsen | C33: +4531234567 | E33: 8935201234567890125 | G33: 15-03-2026 | H33: Denmark | P33: Active | Q33: esim | T33: =IF($C33="","",IF($V33="","No digits at all - enter a phone number",IF(NOT(SUMPRODUCT(--ISNUMBER(--MID($V33,ROW(INDIRECT("1:"&LEN($V33))),1)))=LEN($V33)),"Digits only - no letters or symbols (+ ( ) - . and spaces are tolerated)",IF(LEN($V33)<8,"Too short - "&LEN($V33)&" digits (min 8)",IF(LEN($V33)>15,"Too long - "&LEN($V33)&" digits (max 15)",IF($H33="","WARNING: SIM_Country is empty - cannot check the country code",IF(ISNA(MATCH($H33,tblCountries[Name],0)),"WARNING: SIM_Country """&$H33&""" is not in tblCountries",IF(LEFT($V33,LEN(TEXT(INDEX(tblCountries[DialCode],MATCH($H33,tblCountries[Name],0)),"0")))<>TEXT(INDEX(tblCountries[DialCode],MATCH($H33,tblCountries[Name],0)),"0"),"Wrong country code - must start with +"&TEXT(INDEX(tblCountries[DialCode],MATCH($H33,tblCountries[Name],0)),"0")&" for "&$H33,"OK")))))))) -> OK | U33: 352099001760897 | V33: =IF($C33="","",IF(LEFT(SUBSTITUTE(SUBSTITUTE(SUBSTITUTE(SUBSTITUTE(SUBSTITUTE(SUBSTITUTE(SUBSTITUTE(TRIM($C33&""),"+","")," ",""),"-",""),"(",""),")",""),".",""),CHAR(160),""),2)="00",MID(SUBSTITUTE(SUBSTITUTE(SUBSTITUTE(SUBSTITUTE(SUBSTITUTE(SUBSTITUTE(SUBSTITUTE(TRIM($C33&""),"+","")," ",""),"-",""),"(",""),")",""),".",""),CHAR(160),""),3,255),SUBSTITUTE(SUBSTITUTE(SUBSTITUTE(SUBSTITUTE(SUBSTITUTE(SUBSTITUTE(SUBSTITUTE(TRIM($C33&""),"+","")," ",""),"-",""),"(",""),")",""),".",""),CHAR(160),""))) -> 4531234567 | W33: =IF($E33="","",IF(ISNUMBER($E33),"Stored as a NUMBER - every digit past the 15th is already lost. Format the column as Text and re-enter.",IF(NOT(SUMPRODUCT(--ISNUMBER(--MID(TRIM($E33&""),ROW(INDIRECT("1:"&LEN(TRIM($E33&"")))),1)))=LEN(TRIM($E33&""))),"Digits only - no +, -, spaces or any other character",IF(LEFT(TRIM($E33&""),2)<>"89","Must start with 89 (ITU-T E.118 telecom prefix)",IF(LEN(TRIM($E33&""))<18,"Too short - "&LEN(TRIM($E33&""))&" digits (min 18)",IF(LEN(TRIM($E33&""))>22,"Too long - "&LEN(TRIM($E33&""))&" digits (max 22)",IF(NOT(MOD(SUMPRODUCT(MID(TRIM($E33&""),ROW(INDIRECT("1:"&LEN(TRIM($E33&"")))),1)*1*(1+MOD(LEN(TRIM($E33&""))-ROW(INDIRECT("1:"&LEN(TRIM($E33&"")))),2))-MOD(LEN(TRIM($E33&""))-ROW(INDIRECT("1:"&LEN(TRIM($E33&"")))),2)*9*(MID(TRIM($E33&""),ROW(INDIRECT("1:"&LEN(TRIM($E33&"")))),1)*1*2>9)),10)=0),"WARNING: Luhn check digit does not match - likely a typo or a transposition","OK"))))))) -> OK | X33: =IF($U33="","",IF(NOT(SUMPRODUCT(--ISNUMBER(--MID(TRIM($U33&""),ROW(INDIRECT("1:"&LEN(TRIM($U33&"")))),1)))=LEN(TRIM($U33&""))),"Digits only - no +, -, spaces or any other character",IF(LEN(TRIM($U33&""))<>15,"Must be exactly 15 digits - this one has "&LEN(TRIM($U33&"")),IF(NOT(MOD(SUMPRODUCT(MID(TRIM($U33&""),ROW(INDIRECT("1:"&LEN(TRIM($U33&"")))),1)*1*(1+MOD(LEN(TRIM($U33&""))-ROW(INDIRECT("1:"&LEN(TRIM($U33&"")))),2))-MOD(LEN(TRIM($U33&""))-ROW(INDIRECT("1:"&LEN(TRIM($U33&"")))),2)*9*(MID(TRIM($U33&""),ROW(INDIRECT("1:"&LEN(TRIM($U33&"")))),1)*1*2>9)),10)=0),"WARNING: Luhn check digit does not match - likely a typo or a transposition","OK")))) -> OK | Y33: =IF($G33="","",IF(ISNUMBER($G33),IF(OR($G33<DATE(2000,1,1),$G33>TODAY()+730),"WARNING: real date, but outside 2000-01-01 .. today+2y - check the day/month order","OK"),IF(LEN(TRIM($G33&""))<>10,"Must be dd-mm-yyyy - 10 characters, this one has "&LEN(TRIM($G33&"")),IF(AND(NOT(ISERROR(FIND(MID(TRIM($G33&""),5,1),"-/."))),NOT(ISERROR(FIND(MID(TRIM($G33&""),8,1),"-/."))),SUMPRODUCT(--ISNUMBER(--MID(LEFT(TRIM($G33&""),4),ROW(INDIRECT("1:"&LEN(LEFT(TRIM($G33&""),4)))),1)))=LEN(LEFT(TRIM($G33&""),4))),"Looks like yyyy-mm-dd - StartDate must put the DAY first: dd-mm-yyyy",IF(OR(MID(TRIM($G33&""),3,1)<>MID(TRIM($G33&""),6,1),ISERROR(FIND(MID(TRIM($G33&""),3,1),"-/."))),"Separators must be in positions 3 and 6, matching, and be - or / or .",IF(NOT(AND(SUMPRODUCT(--ISNUMBER(--MID(LEFT(TRIM($G33&""),2),ROW(INDIRECT("1:"&LEN(LEFT(TRIM($G33&""),2)))),1)))=LEN(LEFT(TRIM($G33&""),2)),SUMPRODUCT(--ISNUMBER(--MID(MID(TRIM($G33&""),4,2),ROW(INDIRECT("1:"&LEN(MID(TRIM($G33&""),4,2)))),1)))=LEN(MID(TRIM($G33&""),4,2)),SUMPRODUCT(--ISNUMBER(--MID(RIGHT(TRIM($G33&""),4),ROW(INDIRECT("1:"&LEN(RIGHT(TRIM($G33&""),4)))),1)))=LEN(RIGHT(TRIM($G33&""),4)))),"Day, month and year must all be digits",IF(OR(LEFT(TRIM($G33&""),2)*1<1,LEFT(TRIM($G33&""),2)*1>31),"Day out of range - dd-mm-yyyy puts the DAY first",IF(OR(MID(TRIM($G33&""),4,2)*1<1,MID(TRIM($G33&""),4,2)*1>12),"Month out of range - dd-mm-yyyy puts the MONTH second",IF(OR(RIGHT(TRIM($G33&""),4)*1<2000,RIGHT(TRIM($G33&""),4)*1>2100),"Year out of range (2000-2100)",IF(DAY(DATE(RIGHT(TRIM($G33&""),4)*1,MID(TRIM($G33&""),4,2)*1,LEFT(TRIM($G33&""),2)*1))<>LEFT(TRIM($G33&""),2)*1,"Not a real calendar date (e.g. 31-02 or 30-02)","OK")))))))))) -> OK | Z33: =IF($P33="","",IF(SUMPRODUCT(--EXACT($P33,Config!$G$2:$G$4))>0,"OK",IF(NOT(ISNA(MATCH($P33,Config!$G$2:$G$4,0))),"WARNING: wrong capitalisation - should be """&INDEX(Config!$G$2:$G$4,MATCH($P33,Config!$G$2:$G$4,0))&""" exactly","Must be one of: Active, Deactivated, Suspended"))) -> OK | AA33: =IF($Q33="","",IF(SUMPRODUCT(--EXACT($Q33,Config!$H$2:$H$3))>0,"OK",IF(NOT(ISNA(MATCH($Q33,Config!$H$2:$H$3,0))),"WARNING: wrong capitalisation - should be """&INDEX(Config!$H$2:$H$3,MATCH($Q33,Config!$H$2:$H$3,0))&""" exactly","Must be one of: eSIM, Physical SIM"))) -> WARNING: wrong capitalisation - should be "eSIM" exactly | AB33: =IF(IF(OR($T33="",$T33="OK"),"","PhoneNr: "&$T33&" // ")&IF(OR($W33="",$W33="OK"),"","ICC_ID: "&$W33&" // ")&IF(OR($Y33="",$Y33="OK"),"","StartDate: "&$Y33&" // ")&IF(OR($Z33="",$Z33="OK"),"","Status: "&$Z33&" // ")&IF(OR($AA33="",$AA33="OK"),"","SIM Type: "&$AA33&" // ")&IF(OR($X33="",$X33="OK"),"","IMEI: "&$X33&" // ")="","OK",LEFT(IF(OR($T33="",$T33="OK"),"","PhoneNr: "&$T33&" // ")&IF(OR($W33="",$W33="OK"),"","ICC_ID: "&$W33&" // ")&IF(OR($Y33="",$Y33="OK"),"","StartDate: "&$Y33&" // ")&IF(OR($Z33="",$Z33="OK"),"","Status: "&$Z33&" // ")&IF(OR($AA33="",$AA33="OK"),"","SIM Type: "&$AA33&" // ")&IF(OR($X33="",$X33="OK"),"","IMEI: "&$X33&" // "),LEN(IF(OR($T33="",$T33="OK"),"","PhoneNr: "&$T33&" // ")&IF(OR($W33="",$W33="OK"),"","ICC_ID: "&$W33&" // ")&IF(OR($Y33="",$Y33="OK"),"","StartDate: "&$Y33&" // ")&IF(OR($Z33="",$Z33="OK"),"","Status: "&$Z33&" // ")&IF(OR($AA33="",$AA33="OK"),"","SIM Type: "&$AA33&" // ")&IF(OR($X33="",$X33="OK"),"","IMEI: "&$X33&" // "))-6)) -> SIM Type: WARNING: wrong capitalisation - should be "eSIM" exactly | AD33: SIM Type: WARNING - wrong capitalisation
